difficulty_rank,course_name,category,ranking_row_count,unique_players,rank1_time_ms,rank2_time_ms,rank10_time_ms,rank2to5_median_time_ms,rank1_to_rank2to5_median_percent_gap,rank2_to_rank10_percent_spread,first_place_outlierness_raw,top_density_spread_raw,first_place_outlierness,top_density,first_place_difficulty,difficulty_multiplier
1,図書館戦争,normal,100,100,87498,90551,92343,90667.0,3.6217970696473145,1.9789952623383567,0.03557751813223461,0.01959667728932854,0.662621359223301,0.8131067961165048,0.7301913004598877,1.0730191300459888
2,Metalic Gear,normal,100,100,101750,104156,106254,104865.5,3.0619164619164696,2.014286262913312,0.030159752333079572,0.019942678889608347,0.5946601941747572,0.8033980582524272,0.683446264832794,1.0683446264832794
3,手が疲れる奴,matataki,100,100,28849,29849,30752,29899.5,3.6413740510936154,3.0252269757780725,0.035766427540487526,0.02980369434795732,0.6723300970873787,0.6820388349514563,0.6771496676758186,1.0677149667675818
4,Athletic Memory,normal,100,100,177851,182851,188688,183450.0,3.1481408594834948,3.192216613526866,0.030996029706862483,0.031423243803547364,0.6092233009708737,0.6674757281553398,0.637020561851674,1.0637020561851673
5,飛び水,matataki,100,100,22563,23023,23657,23231.0,2.960599211097814,2.753767971159271,0.029176197126451996,0.027165337968037048,0.5703883495145631,0.7160194174757282,0.6349606154973437,1.0634960615497344
6,Stare,normal,100,100,91649,92705,95276,94228.0,2.8139968793985837,2.7733131977778935,0.027751314178913182,0.027355534087851317,0.5606796116504854,0.7111650485436893,0.6270195657007337,1.0627019565700733
7,Escape from U.L.,normal,100,100,439868,442958,461008,455854.0,3.634272099811753,4.074878430912188,0.035697900905385674,0.03994043900110233,0.6674757281553398,0.5800970873786409,0.6207264553662499,1.062072645536625
8,Viola,normal,100,100,83647,85147,88698,86653.0,3.5936734132724357,4.170434660058486,0.03530607453314406,0.04085816660259894,0.6577669902912622,0.5606796116504854,0.6053552779174564,1.0605355277917456
9,散歩道,normal,100,100,46686,47310,48525,47838.5,2.4686201430835775,2.5681674064679694,0.024386420772914946,0.02535743941201717,0.49271844660194175,0.7402912621359223,0.5916501032031191,1.0591650103203119
10,Colorless_Planet,normal,100,100,102551,103357,107850,106106.0,3.4665678540433564,4.347068897123552,0.03407835863349574,0.042552357989902145,0.633495145631068,0.5461165048543689,0.5865695792880259,1.0586569579288025
11,カイﾀﾞﾝﾀﾞﾝ,matataki,100,100,16553,18634,19756,19439.0,17.434906059324582,6.021251475796929,0.16071400310194728,0.0584693736501452,0.9441747572815534,0.41990291262135926,0.5812890854438033,1.0581289085443804
12,蜘蛛の巣,matataki,100,100,12005,12203,12504,12276.0,2.2573927530195714,2.466606572154384,0.02232290708427316,0.024366769969472974,0.4587378640776699,0.75,0.5692771084337348,1.0569277108433734
13,Liar Truth,other,100,100,28400,28949,29800,29078.5,2.3890845070422495,2.939652492314071,0.023609924324578,0.02897273240328907,0.47815533980582525,0.691747572815534,0.5654534101438181,1.056545341014382
14,Electronic Escape,normal,100,100,98251,99750,105094,102226.0,4.045760348495175,5.357393483709272,0.03966061973110799,0.05218813199616779,0.691747572815534,0.4684466019417476,0.55860787260836,1.055860787260836
15,ヒューストン,matataki,100,100,12675,12949,13398,12978.0,2.3905325443786873,3.467449223878294,0.023624066721729748,0.03408687699937282,0.4830097087378641,0.6577669902912622,0.5570026853955794,1.055700268539558
16,Elementary_course,normal,100,100,93849,94856,97265,95903.5,2.1891549190721227,2.539639031795571,0.021655369899044423,0.02507926009401101,0.4441747572815534,0.7451456310679612,0.5565781652466812,1.0556578165246682
17,八の字,matataki,100,100,19250,19899,21000,20125.5,4.5480519480519455,5.532941353836884,0.04447660698270575,0.05385295851189445,0.7111650485436893,0.4538834951456311,0.5541161003236247,1.0554116100323625
18,Happy Flavor!,normal,100,100,95850,97152,99654,97855.0,2.091810119979143,2.5753458498023685,0.020702321665279043,0.0254274240118067,0.4393203883495146,0.7354368932038835,0.5500581721896814,1.0550058172189682
19,Title,normal,100,100,37549,38814,41003,39350.0,4.796399371487925,5.639717627660112,0.0468492281663395,0.05486422846926423,0.720873786407767,0.4441747572815534,0.5496662621359224,1.0549666262135922
20,daydream planet,normal,100,100,66498,67598,69402,67878.5,2.0760022857830407,2.668718009408555,0.02054747028061246,0.026337288728885945,0.4344660194174757,0.7257281553398058,0.5435369866352521,1.0543536986635251
21,はしご邪魔やねん,matataki,100,100,22150,22203,23104,22719.5,2.571106094808129,4.058010178804672,0.025386090077393952,0.03977834782697675,0.5072815533980582,0.5849514563106797,0.5433549083063646,1.0543354908306364
22,BigBiome,normal,100,100,503594,511324,520639,513429.0,1.952962108365064,1.821741205184968,0.01934136513079928,0.018053463156861908,0.40048543689320387,0.8325242718446602,0.540813011237673,1.0540813011237673
23,GABA3,normal,100,100,112090,113660,119253,115590.5,3.1229369256847272,4.920816470174194,0.030751652897521825,0.0480357508157416,0.6043689320388349,0.4878640776699029,0.5399029126213591,1.053990291262136
24,Country Messenger,normal,100,100,80948,82227,86650,83803.5,3.5275732569056695,5.37901176012745,0.03466779951622996,0.05239330087972162,0.6432038834951457,0.46359223300970875,0.5388243059104072,1.0538824305910408
25,自然の中を駆け抜ける,normal,100,100,69800,71557,74959,71875.0,2.9727793696274984,4.754251855164404,0.029294489349187637,0.046446962493146386,0.5800970873786407,0.5024271844660194,0.5384757716922809,1.0538475771692282
26,Neotech Android,normal,100,100,109300,109954,115112,112429.0,2.862763037511429,4.691052622005576,0.028225516116423016,0.04584347094928297,0.5655339805825242,0.5121359223300971,0.5375120265896964,1.0537512026589697
27,60mとんとん走,matataki,100,100,3190,3301,3497,3344.5,4.8432601880877835,5.937594668282342,0.047296288779572565,0.057680005210182864,0.7257281553398058,0.4247572815533981,0.5358752201876202,1.053587522018762
28,パラレルバイオーム,normal,100,100,217552,219807,229800,223627.0,2.792435831433404,4.546261038092503,0.027541582919439044,0.0444594768184855,0.5558252427184466,0.5169902912621359,0.5357048719413082,1.053570487194131
29,5thタワー,kuwaty,100,100,60995,62231,65323,62875.5,3.083039593409298,4.968584788931563,0.030364687073865443,0.048490926916064464,0.5995145631067961,0.4830097087378641,0.5349928164047194,1.053499281640472
30,にょろにょろ,matataki,100,100,18900,19149,19604,19274.0,1.9788359788359688,2.3761031907671315,0.019595115363498887,0.02348313210527101,0.41019417475728154,0.7645631067961165,0.5339304340848913,1.053393043408489
31,miniascape of sea,normal,100,100,270843,274554,286901,278236.5,2.72981025907999,4.4971116793053545,0.026932154251905777,0.04398924560231353,0.5461165048543689,0.5218446601941747,0.5337047661076787,1.0533704766107679
32,Neophyte Biome,normal,100,100,397451,398102,413097,406509.0,2.27902307454253,3.7666226243525447,0.022534412908466635,0.03697417835522135,0.4733009708737864,0.604368932038835,0.5308646024665443,1.0530864602466545
33,Zhanlue,normal,100,100,67702,68746,70202,68978.0,1.884730140911639,2.117941407500079,0.018671891597725553,0.020958247618551154,0.39563106796116504,0.7888349514563107,0.5269676110138469,1.0526967611013847
34,Winter World,normal,100,100,58454,58548,60749,59783.0,2.273582646183314,3.759308601489386,0.02248121946865364,0.0369036905581255,0.46359223300970875,0.6092233009708738,0.5265233053639679,1.0526523305363968
35,Annus novus,normal,100,100,91306,91446,95245,93529.0,2.434670229776792,4.1543643243006745,0.02405504577590367,0.04070388505889377,0.4878640776699029,0.5703883495145632,0.5259085240937028,1.0525908524093703
36,Athletic_VOXXXX,normal,100,100,215809,224837,239166,231610.5,7.321983791222797,6.373061373350475,0.07066332422166158,0.06178217628203956,0.8422330097087378,0.3810679611650486,0.5247245338264757,1.0524724533826475
37,エンドアタック,normal,100,100,104998,106400,108847,106976.0,1.8838454065791765,2.299812030075188,0.018663207880620588,0.022737649529631133,0.3907766990291262,0.779126213592233,0.5204951053458485,1.0520495105345848
38,slowly melt,normal,100,100,84904,85966,86998,86311.0,1.65716574013004,1.2004746062396654,0.01643584584789914,0.011933260639253726,0.3616504854368932,0.9199029126213593,0.5191876287143278,1.0519187628714328
39,ミニBOXバイオーム-EASY-,kuwaty,100,100,113453,134000,144351,134676.0,18.706424686874733,7.7246268656716355,0.17148323957876588,0.07440803374054887,0.9587378640776699,0.3519417475728155,0.5148777418194894,1.051487774181949
40,黄泉の国,normal,100,100,29550,29997,30055,29998.5,1.5177664974619365,0.19335266860018852,0.015063636560006576,0.0019316598293033025,0.3325242718446602,0.9975728155339806,0.4987864077669903,1.0498786407766991
41,Chaterno,normal,100,100,239849,243154,249737,244247.5,1.833862138261999,2.7073377365784745,0.018172496789056178,0.02671337665680769,0.38106796116504854,0.720873786407767,0.49857790513664946,1.049857790513665
42,堅焼き粘土タイムアタック,kuwaty,100,100,137903,138556,148703,145094.0,5.2145348542091075,7.323392707641685,0.050831268785144434,0.07067645207413983,0.7548543689320388,0.366504854368932,0.49343294246206865,1.0493432942462069
43,世界樹の麓,normal,100,100,238800,239456,248150,243475.0,1.9577051926298106,3.6307296538821365,0.01938788632881587,0.03566371813550182,0.4053398058252427,0.6237864077669903,0.49137891555229896,1.0491378915552299
44,雨緑林,normal,100,100,52905,53450,53954,53700.0,1.5026935072299352,0.942937324602422,0.014915149158693944,0.009385194209398501,0.3276699029126214,0.9490291262135923,0.4871442282845435,1.0487144228284544
45,ビル--隙間--,kuwaty,100,100,18102,18401,19775,19043.0,5.198320627554964,7.46698548991902,0.05067715057170056,0.07201350268948022,0.7451456310679612,0.36165048543689315,0.4869592062680974,1.0486959206268098
46,GoNiGoNi_Level`s_2,normal,100,100,101699,103455,107800,103805.0,2.0708168221909684,4.1998936735778925,0.02049666896403211,0.04114092292353261,0.42961165048543687,0.5558252427184466,0.48463580276435975,1.048463580276436
47,ColorTunnel,normal,100,100,159582,171016,184800,178510.0,11.860986828088382,8.060064555363233,0.11208672535900255,0.07751703983060412,0.8907766990291263,0.33252427184466016,0.4842714593928186,1.0484271459392818
48,dungeon of ruins,normal,100,100,87047,87254,90847,88780.0,1.9908784909301813,4.1178627913906585,0.019713196737878514,0.04035336752912766,0.41504854368932037,0.575242718446602,0.48218874928612226,1.0482188749286123
49,Caves.,normal,100,100,72702,72949,77515,75062.5,3.2468157684795385,6.259167363500517,0.031952205362761714,0.06071089916267773,0.6140776699029126,0.3956310679611651,0.48122432785660946,1.0481224327856609
50,厳冬の煌めき,normal,100,100,57450,59302,63848,60273.0,4.913838120104441,7.665846008566324,0.04796923796936786,0.07386222632594798,0.7305825242718447,0.3567961165048543,0.47944478155339804,1.0479444781553398
51,サイド,matataki,100,100,32750,32899,34089,33362.5,1.8702290076335837,3.617131219793923,0.01852955264938156,0.03553248943137525,0.3859223300970874,0.6286407766990292,0.4782482463882567,1.0478248246388258
52,Screw Biome,normal,100,100,313302,317902,337653,322596.5,2.9666264498790396,6.212920963064095,0.029234734687608375,0.06027558173787174,0.5752427184466019,0.40533980582524276,0.47557195039892336,1.0475571950398923
53,シュルシュル,matataki,100,100,24299,24899,26550,25148.0,3.4939709453063905,6.630788385075714,0.034343173284463985,0.06420210566631647,0.6383495145631068,0.37621359223300976,0.47341710410182564,1.0473417104101825
54,ジャングルジム-マツ-,kuwaty,100,100,24604,24762,26453,25475.5,3.5421069744757006,6.829012196106943,0.03480817465543583,0.0660593534241655,0.6480582524271845,0.3713592233009708,0.4721567267683772,1.0472156726768378
55,帰路の森,normal,100,100,54048,54552,57651,55432.0,2.560686796921252,5.680818301803781,0.025284503699690555,0.055253217400047946,0.5024271844660194,0.4393203883495146,0.4687593834451006,1.04687593834451
56,flashback,normal,100,100,68999,69744,70947,70024.0,1.4855287757793656,1.724879559532,0.014746028691521714,0.017101723917953757,0.32281553398058255,0.8470873786407767,0.4674797566772752,1.0467479756677276
57,Not found.,normal,100,100,93587,94418,97308,95109.0,1.6262942502698108,3.0608570399711876,0.016132117348797305,0.03014947280959663,0.35194174757281554,0.6771844660194175,0.46316862062648845,1.0463168620626488
58,晩夏光,normal,100,100,75750,75869,78551,77000.0,1.650165016501659,3.5350406621940555,0.01636697746420541,0.03473992654244959,0.3567961165048544,0.6432038834951457,0.45898529550381756,1.0458985295503818
59,challenge1,challenge,100,100,91774,94780,102654,97708.5,6.466428400200486,8.307659843848914,0.06265952317794085,0.07980569353112425,0.8179611650485437,0.31796116504854366,0.45791843000580856,1.0457918430005808
60,Whaels herd,normal,100,100,58148,58450,62001,59702.5,2.673350760129334,6.075278015397778,0.02638241100460203,0.05897882602920078,0.5169902912621359,0.4101941747572816,0.4574416713261831,1.0457441671326184
61,入門,normal,100,100,812750,821046,854004,826448.5,1.6854506305752137,4.0141478065784275,0.016714045185868064,0.03935674050285752,0.3713592233009709,0.5898058252427185,0.4557590467784643,1.0455759046778463
62,Variety_Parkour,normal,100,100,137843,137899,146254,141314.0,2.5180821659424035,6.058782152154829,0.024869008406762507,0.05882330302395429,0.4975728155339806,0.4150485436893204,0.4525795290229292,1.045257952902293
63,ツリーアスレ,normal,100,100,26649,27403,29700,28275.0,6.101542271755034,8.382293909425975,0.05922639554651051,0.08049454935702317,0.8033980582524272,0.3131067961165048,0.45060151962853523,1.0450601519628535
64,Canyon Path,normal,100,100,306165,308350,315603,310700.0,1.481227442718791,2.3521971785308793,0.014703644084886055,0.02324959319246039,0.3179611650485437,0.7694174757281553,0.4499718273231623,1.0449971827323163
65,Imagination,normal,100,100,86147,86151,90999,88064.0,2.22526611489664,5.6273287599679644,0.022008683486388292,0.05474694687785487,0.44902912621359226,0.44902912621359226,0.44902912621359226,1.0449029126213591
66,アスレチックビル,normal,100,100,462400,466005,495232,474800.5,2.6817690311418785,6.271821117799159,0.02646439845176981,0.060829975956175134,0.5266990291262136,0.39077669902912626,0.4486695433297375,1.0448669543329738
67,ksk,matataki,100,100,8600,8609,9154,8831.0,2.6860465116279153,6.330584272273199,0.026506055227203198,0.06138277455563273,0.5315533980582524,0.38592233009708743,0.44717984281091083,1.0447179842810912
68,LonelySomedayMemory,normal,100,100,78749,79592,85849,81359.0,3.3143278009879484,7.861342848527486,0.03260588140023634,0.07567635376493893,0.6189320388349514,0.34708737864077666,0.44476020881104544,1.0444760208811046
69,Mad Junkie :D,normal,100,100,82644,83500,84551,83832.0,1.4374909249310397,1.2586826347305458,0.014272569822079136,0.012508270738949131,0.2936893203883495,0.9101941747572816,0.4440866739743189,1.044408667397432
70,弥日異に息吹く山吹花吹雪,normal,100,100,53100,56401,61251,58524.0,10.214689265536725,8.599138313150467,0.09725999826802273,0.08249328697888846,0.866504854368932,0.29854368932038833,0.4440837378640776,1.0444083737864078
71,てけちゃんアスレ,kuwaty,100,100,47287,48249,52371,50069.5,5.884281092054899,8.543182242119007,0.05717662398799469,0.08197790082913219,0.7888349514563107,0.308252427184466,0.44328335767677635,1.0443283357676776
72,ラージバイオーム,normal,100,100,1499616,1503337,1591557,1533202.5,2.2396733563792237,5.8682783700527485,0.022149609764934464,0.057025478499380375,0.4538834951456311,0.4296116504854369,0.44141416835591596,1.0441414168355916
73,古き砂上の楼閣,normal,100,100,109648,109651,113749,111373.0,1.5732161097329556,3.737312017218275,0.015609693434979581,0.03669167183427428,0.3422330097087379,0.6140776699029127,0.4395175200827954,1.0439517520082795
74,Circular world,normal,100,100,171401,172444,186649,178274.0,4.009894924767066,8.237456797569065,0.039315852134800496,0.0791573016409888,0.6868932038834952,0.3228155339805825,0.43921536594473487,1.0439215365944734
75,corrosion of the slime,normal,100,100,204752,205651,223237,215678.0,5.336211612096586,8.551380737268488,0.05198706398867496,0.08205343008275202,0.7694174757281553,0.30339805825242716,0.4351908799367394,1.043519087993674
76,GoNiGoNi_Level`s_1,normal,100,100,50366,50751,53001,51210.5,1.6767263630226736,4.433410179109765,0.01662824488920654,0.043379459137388575,0.36650485436893204,0.5315533980582524,0.433862503279979,1.0433862503279978
77,Wood and Cave and...,normal,100,100,156101,158282,168152,159651.0,2.2741686472219858,6.2357058920155195,0.02248694919225087,0.06049007998505813,0.4684466019417476,0.4004854368932039,0.43180832022563326,1.0431808320225633
78,ぴょんぴょん,matataki,100,100,26299,26496,28642,27171.5,3.3176166394159434,8.099335748792269,0.032637714217153196,0.0778803938536616,0.6237864077669902,0.3276699029126213,0.42964880126807997,1.042964880126808
79,ジャングルジム-オーク-,kuwaty,100,100,14459,15299,16649,15512.0,7.282661318210115,8.824106150728817,0.07029685989436148,0.08456268777747335,0.837378640776699,0.28883495145631066,0.42951749246735854,1.042951749246736
80,隙間,matataki,100,100,10297,11157,12158,11824.5,14.834417791589782,8.971945863583407,0.1383210595113218,0.08592028571548814,0.9296116504854369,0.279126213592233,0.42933871407961943,1.042933871407962
81,My Archive,normal,100,100,358802,359523,369506,364025.0,1.455677504584707,2.776734729071584,0.014451842291853721,0.027388825554611026,0.308252427184466,0.7063106796116505,0.4291935708644957,1.0429193570864497
82,バイオームロード,normal,100,100,737343,770950,838809,778784.0,5.620315104367979,8.801997535508143,0.05468054466409038,0.08435950796657525,0.7839805825242718,0.2936893203883495,0.42730473191638235,1.0427304731916383
83,Variety_Parkour_3,normal,100,100,107187,107599,112083,108815.0,1.5188409042141249,4.167324975139164,0.015074219939683256,0.04082831426162149,0.33737864077669905,0.5655339805825244,0.42263023280091877,1.0422630232800918
84,ゴンゴン,matataki,100,100,9079,9747,10646,10186.5,12.19848000881154,9.223350774597305,0.11509925985019857,0.08822468939549265,0.9004854368932039,0.27427184466019416,0.42047460483029775,1.0420474604830299
85,Laberinto de Garrulus,normal,100,100,75151,75549,76907,76200.0,1.3958563425636283,1.7975089015076273,0.013862039862257059,0.01781544731328088,0.279126213592233,0.837378640776699,0.4186893203883495,1.041868932038835
86,中級TA,matataki,100,100,18349,18353,19803,18830.0,2.6213962613766517,7.90061570315479,0.025876265566244606,0.07604039249840837,0.5121359223300971,0.3422330097087378,0.4102907105030891,1.041029071050309
87,GoNiGoNi_Level`s_3,normal,100,100,76935,78053,84241,78997.5,2.6808344706570564,7.927946395398,0.026455296887328256,0.0762936554782805,0.5218446601941747,0.337378640776699,0.40981021337282647,1.0409810213372825
88,IDEA,normal,100,100,104908,105027,108759,106426.5,1.447458725740658,3.553371990059695,0.014370830445499463,0.03491696520606909,0.29854368932038833,0.633495145631068,0.4058328276699029,1.0405832827669903
89,でこぼこ,matataki,100,100,13006,13083,14246,13564.5,4.294171920652001,8.889398456011621,0.04204529641954734,0.085162488027423,0.7063106796116505,0.28398058252427183,0.40508994860079955,1.0405089948600799
90,Jungle Maze,normal,100,100,61561,62249,62909,62373.0,1.3190169100566917,1.0602579961123793,0.013103936276130117,0.010546766772792275,0.25485436893203883,0.9393203883495146,0.4009294340516221,1.0400929434051622
91,calm,normal,100,100,49750,49840,51429,50449.5,1.4060301507537787,3.1882022471910076,0.013962372343128929,0.03138434121425595,0.28398058252427183,0.6723300970873787,0.3993026464935193,1.039930264649352
92,Octologue templum,normal,100,100,94803,95600,97949,96099.0,1.3670453466662513,2.457112970711295,0.01357785576495671,0.02427411499062466,0.26941747572815533,0.7548543689320388,0.3971034831822574,1.0397103483182257
93,LONG BIOME,normal,100,100,513907,515549,538146,521431.5,1.4641754247363803,4.383094526417475,0.014535598711286974,0.04289754652481018,0.3131067961165049,0.5364077669902912,0.39540915395284326,1.0395409153952844
94,Bornament,normal,100,100,75702,76398,78601,76754.5,1.3903199387070408,2.8835833398780153,0.013807436496687564,0.028427904181185685,0.27427184466019416,0.6966019417475728,0.3935800970873786,1.0393580097087378
95,図書館アスレ改,kuwaty,100,100,32599,33900,37251,34306.0,5.236356943464515,9.884955752212399,0.05103865293207975,0.09426377571641024,0.7597087378640777,0.2645631067961165,0.39245617264068466,1.0392456172640685
96,Zenith,normal,100,100,495911,496903,516796,502965.0,1.4224326542464194,4.00339704127366,0.014124110033210091,0.039253376478229664,0.28883495145631066,0.5946601941747574,0.3888162808065721,1.0388816280806572
97,ゆらゆら,matataki,100,100,17656,17755,19553,18780.5,6.368939737199808,10.12672486623487,0.061743428539424876,0.09646156094908664,0.8131067961165048,0.25485436893203883,0.38807369814651366,1.0388073698146514
98,鯉の滝登り,matataki,100,100,26670,26926,28467,27103.0,1.6235470566179133,5.723092921339967,0.01610508467182791,0.05565315910268808,0.3470873786407767,0.43446601941747576,0.38589217873726106,1.0385892178737262
99,Athletic Starter Road,normal,100,100,145851,146743,149436,147756.5,1.3064703018834223,1.8351812352207508,0.012980095900845234,0.018185450126852843,0.25,0.8276699029126213,0.38400900900900903,1.038400900900901
100,ンぴょンぴょアスレチック1,other,100,100,21654,22047,24249,22762.5,5.119146577999456,9.987753435841618,0.04992425016501992,0.0951988412049732,0.7354368932038835,0.25970873786407767,0.383862183282027,1.0383862183282027
101,Effect Challenge,kuwaty,100,100,50284,50850,55599,51798.5,3.0118924508790057,9.339233038348072,0.029674256264617865,0.08928509298871379,0.5898058252427184,0.26941747572815533,0.3698782293895014,1.0369878229389502
102,Sanctuary,arena,100,100,82345,83053,84764,83409.0,1.2921245977290718,2.060130278256045,0.012838478885333016,0.020391966133849016,0.24029126213592233,0.7985436893203883,0.36941974412485257,1.0369419744124853
103,竜田揚げアスレチック,normal,100,100,73399,73954,75148,74327.5,1.2650036104034035,1.6145171322714091,0.012570692826874782,0.016016224109329603,0.2354368932038835,0.8567961165048543,0.3693743257820927,1.0369374325782093
104,Dimension//Endroll,normal,100,100,196603,197902,205565,199241.5,1.3420446280066889,3.872118523309509,0.01333118977884382,0.03799032695496164,0.2645631067961165,0.5995145631067962,0.36711846841933016,1.036711846841933
105,BiomesIsland,normal,100,100,761005,772155,861415,814707.5,7.056786749101507,11.559855210417602,0.06818922497452855,0.10939107890747905,0.8276699029126213,0.2354368932038835,0.36659351864166334,1.0366593518641662
106,Spooky,normal,100,100,63600,63759,65655,64425.0,1.297169811320753,2.973697830894473,0.012888286192352282,0.029303408766304797,0.24514563106796117,0.6868932038834952,0.36133444579288027,1.036133444579288
107,End Maverick,normal,100,100,77702,78400,79905,78667.5,1.2425677588736361,1.9196428571428559,0.012349112453658502,0.019014501680709978,0.23058252427184467,0.8228155339805825,0.3602187821573979,1.0360218782157398
108,箱,normal,100,100,255033,255687,286493,274522.5,7.641952217948256,12.048324709508119,0.07364027625341955,0.11376006287092967,0.8470873786407767,0.22572815533980584,0.3564666344506436,1.0356466634450643
109,四角世界のお菓子達,normal,100,100,73802,73900,77133,74777.0,1.3211024091488,4.374830852503386,0.013124519555484555,0.042818376606797194,0.25970873786407767,0.5412621359223301,0.35100029420417767,1.0351000294204178
110,汚染世界,normal,100,100,104750,114851,129190,119502.0,14.083054892601421,12.484871703337364,0.1317565488309398,0.11764855286586601,0.9199029126213593,0.21601941747572817,0.34987760351838026,1.034987760351838
111,Liaoning Itinere,normal,100,100,150204,151099,166561,154377.5,2.778554499214403,10.23302602929206,0.027406531449211922,0.09742635756798734,0.5509708737864077,0.25,0.34393939393939393,1.0343939393939394
112,ぴょんぴょんアスレ HARD,kuwaty,100,100,12462,12498,14001,12888.5,3.4224041084898182,12.025924147863654,0.03365142677912556,0.11356012412889827,0.6286407766990292,0.23058252427184467,0.33740606658987443,1.0337406066589874
113,Variety_Parkour_2,normal,100,100,128198,128800,133300,129745.5,1.2071171157116423,3.493788819875787,0.011998895622782271,0.03434141351440985,0.22572815533980584,0.6529126213592233,0.3354744408088827,1.0335474440808883
114,Aequor,normal,100,100,110310,111805,125549,114548.0,3.8419000997189645,12.2928312687268,0.037699365141175015,0.11593983817756297,0.6820388349514563,0.220873786407767,0.33368566656227167,1.0333685666562271
115,ｱｯﾂｲﾕｶ,matataki,100,100,13950,14149,15713,14325.0,2.6881720430107503,11.053784719768188,0.026526754333428604,0.10484444499417954,0.5364077669902912,0.24029126213592233,0.3319023058252427,1.0331902305825242
116,月盈ちる稲穂枝垂れて盃満ちる,normal,100,100,81965,82001,84901,82947.0,1.198072347953394,3.536542237289786,0.011909522738734826,0.034754429499105746,0.220873786407767,0.6383495145631068,0.3281909933629532,1.0328190993362953
117,夢々幻,normal,100,100,181899,183247,186000,183874.5,1.0860422542180004,1.5023438310040493,0.0108018716964394,0.014911704158210496,0.20145631067961164,0.8762135922330097,0.32759337006909817,1.03275933700691
118,NatureBiome,normal,100,100,651616,669593,755779,706704.5,8.45413556450425,12.871400985374692,0.08115718393259966,0.12107894028280128,0.8567961165048543,0.20145631067961167,0.3262113654582703,1.032621136545827
119,Bloom Seeker,normal,100,100,64399,64599,66402,65100.0,1.0885262193512268,2.7910648771652724,0.010826444175086002,0.02752824571812253,0.20631067961165048,0.7014563106796117,0.3188437775816416,1.031884377758164
120,滝,matataki,100,100,17171,18700,21199,19525.0,13.709160794362596,13.363636363636356,0.12847378139408416,0.12543048689357447,0.9150485436893204,0.191747572815534,0.3170562936467383,1.0317056293646738
121,元祖NORMAL,normal,100,100,60199,62062,70128,63927.5,6.193624478811932,12.996680738616217,0.06009388786148855,0.12218825829827823,0.808252427184466,0.19660194174757284,0.31627268889826937,1.031627268889827
122,虚無,normal,100,100,112018,114012,128391,116113.0,3.6556624828152584,12.611830333649099,0.035904282205302604,0.11877658932864299,0.6771844660194175,0.2063106796116505,0.316267470393684,1.0316267470393683
123,紅ノ狂劇,arena,100,100,98000,98409,110751,100918.0,2.9775510204081534,12.54153583513704,0.029340827228544007,0.11815217493953448,0.5849514563106796,0.21116504854368934,0.3103096140184703,1.0310309614018471
124,雪魄氷姿,normal,100,100,101250,101297,105552,102372.0,1.108148148148147,4.200519265131253,0.01102053172790948,0.04114692666934616,0.2111650485436893,0.5509708737864077,0.3053150701873724,1.0305315070187373
125,シンプルバイオームアスレチック,kuwaty,100,100,451058,464337,526631,478357.0,6.05221501447708,13.415687313309089,0.05876138131534351,0.12588953183420498,0.7985436893203883,0.18689320388349517,0.3028958821560094,1.030289588215601
126,Supreme Summer,normal,100,100,165800,166424,169950,167557.0,1.059710494571764,2.1186848050761986,0.010541349182984548,0.020965527386043483,0.18689320388349515,0.7839805825242718,0.30183252427184465,1.0301832524271846
127,Alley,normal,100,100,37747,38101,38747,38144.5,1.0530638196412978,1.69549355659957,0.010475577240014442,0.01681280494010813,0.1820388349514563,0.8519417475728155,0.29997948858197726,1.0299979488581976
128,White Flowers,normal,100,100,66500,66502,69810,67247.0,1.1233082706766817,4.974286487624435,0.011170460159671707,0.0485452435847811,0.21601941747572814,0.47815533980582525,0.29759318351551356,1.0297593183515514
129,Waza02,waza,100,100,98433,98608,109016,100142.5,1.7367143132892338,10.55492454973228,0.017218057949800362,0.10034226622763238,0.3762135922330097,0.24514563106796117,0.29685603762135926,1.029685603762136
130,runner_clay,normal,100,100,104938,105270,120157,110454.0,5.256437134307879,14.141730787498808,0.05122944512515461,0.1322707427298657,0.7645631067961165,0.1771844660194175,0.28769642678410573,1.0287696426784105
131,MEIKYU,matataki,100,100,38821,39160,40205,39229.5,1.0522655263903502,2.6685393258427004,0.010467677465639022,0.026335548337802772,0.17718446601941748,0.7305825242718447,0.28520066455531906,1.0285200664555318
132,はしごくだり,matataki,100,100,11395,11651,13349,12177.5,6.867046950416844,14.5738563213458,0.06641532400091305,0.1360494624357912,0.8228155339805825,0.17233009708737868,0.2849751361591286,1.028497513615913
133,爆風アスレチック1,normal,100,100,42147,52355,60502,54428.0,29.13849147033003,15.561073440932095,0.2557152197909879,0.1446289786022113,0.9830097087378641,0.162621359223301,0.2790747901925293,1.0279074790192528
134,Mystique,normal,100,100,321109,322449,325101,324076.0,0.9239853133982567,0.8224556441483788,0.009197426832631847,0.008190919086182647,0.16262135922330098,0.9538834951456311,0.2778704094554665,1.0277870409455467
135,テクニックコース,matataki,100,100,21319,21446,22563,21549.0,1.0788498522444678,5.208430476545733,0.010730717878369154,0.05077324871442172,0.1966019417475728,0.4733009708737864,0.27780709159983114,1.027780709159983
136,Waza01,waza,100,100,91200,91384,95880,92167.0,1.060307017543849,4.919898450494609,0.010547251843982003,0.04802700113453757,0.19174757281553398,0.49271844660194175,0.2760621083798113,1.027606210837981
137,Feel Nature,normal,100,100,205396,205572,210303,207433.5,0.9919862120002287,2.301383456891015,0.009870983269590534,0.02275301040581876,0.16747572815533981,0.7742718446601942,0.27538534681213095,1.0275385346812131
138,四季バイオーム,normal,100,100,195550,199219,229590,205706.0,5.19355663513168,15.245031849371804,0.05063186372426062,0.14189038736186574,0.7402912621359223,0.16747572815533984,0.2731555993977468,1.0273155599397747
139,ジャングルジム-シラカバ-,kuwaty,100,100,25500,25845,29385,26186.0,2.6901960784313728,13.697040046430642,0.026546464641181083,0.1283671814166111,0.5412621359223301,0.18203883495145634,0.27244738385352185,1.0272447383853522
140,アストレイ,normal,100,100,56551,56751,58849,57124.0,1.0132446817916474,3.696851156807801,0.010081457718948472,0.03630156385683707,0.17233009708737865,0.6189320388349515,0.26959616415510157,1.0269596164155101
141,ビル--水--,kuwaty,100,100,31104,32251,37310,32828.5,5.544302983539096,15.68633530743233,0.053960612273898506,0.14571233672007744,0.7742718446601942,0.15776699029126218,0.2621232807443366,1.0262123280744337
142,тw⇡sтed CloveR＊,normal,100,100,65701,65750,67055,66303.0,0.9162722028584147,1.9847908745247222,0.009120998962012674,0.01965350710502961,0.1529126213592233,0.808252427184466,0.25717122683142096,1.025717122683142
143,scent of yesterday,normal,100,100,53700,53899,54500,54174.0,0.8826815642458019,1.1150485166700586,0.008788087038578045,0.011088776802049286,0.14805825242718446,0.9344660194174758,0.2556162654011929,1.0255616265401193
144,Waza03,waza,100,100,111449,114165,132706,116186.0,4.250374610808527,16.24052905881839,0.04162526807341387,0.1504913846986987,0.6966019417475728,0.15291262135922334,0.25077669902912625,1.0250776699029127
145,バイアスバイオーム,normal,100,100,840113,852429,994971,887320.5,5.619184562076773,16.721861879405786,0.054669840773075656,0.15462366977335365,0.779126213592233,0.1480582524271845,0.24883088496924724,1.0248830884969247
146,マンションアスレチック,normal,100,100,61903,62057,72597,65562.0,5.910860539876905,16.984385323170635,0.05742761603395703,0.1568702811269305,0.7936893203883495,0.14320388349514568,0.24263041400472865,1.024263041400473
147,EXーLabyrinth,normal,100,100,68307,68596,69699,68877.0,0.8344679169045577,1.607965479036677,0.008310054819865999,0.01595174646735991,0.1383495145631068,0.8616504854368932,0.23841785276651897,1.023841785276652
148,Legacy,normal,100,100,18950,19049,20101,19125.0,0.923482849604218,5.522599611528167,0.009192448184164145,0.0537549583146981,0.15776699029126215,0.4587378640776699,0.2347870957877838,1.0234787095787783
149,ペコペコ,matataki,100,100,14498,14547,14748,14618.0,0.8277003724651566,1.381728191379672,0.008242937179513837,0.013722693580573223,0.13349514563106796,0.8859223300970873,0.2320272769301895,1.023202727693019
150,ぐるんとはしご登り,matataki,100,100,20400,20458,24000,21127.0,3.563725490196079,17.31352038322416,0.03501694246792691,0.15967982631312988,0.6529126213592233,0.13834951456310685,0.22831913753052602,1.0228319137530526
151,Harmonics,normal,100,100,20101,20199,20298,20264.5,0.8133923685388789,0.4901232734293881,0.008101021622959408,0.004889260795373006,0.12864077669902912,0.9830097087378641,0.22750879721880696,1.0227508797218807
152,short cave,normal,100,100,117037,122696,144240,123129.0,5.205191520630237,17.558844624111636,0.050742462153314044,0.16176882754658323,0.75,0.133495145631068,0.22664835164835173,1.022664835164835
153,Valley Camp,normal,100,100,56951,56961,59516,57427.5,0.8366841670910174,4.485525183897754,0.008332033671711163,0.043878360836063245,0.14320388349514562,0.5266990291262136,0.22518291824961306,1.0225182918249613
154,Waza04,waza,100,100,156567,157027,185545,167713.0,7.1189969789291485,18.161207945130453,0.06877015182344044,0.1668796751442756,0.8325242718446602,0.12864077669902918,0.2228474060998334,1.0222847406099833
155,ウォーターパーク,normal,100,100,59861,61046,72228,68747.5,14.845224770718835,18.317334469088877,0.13841516431762038,0.16820010400897362,0.9344660194174758,0.1189320388349514,0.21100845599749443,1.0211008455997495
156,ひよちゃんアスレ,normal,100,100,97946,98323,101777,98712.0,0.7820635860576131,3.512911526295981,0.007790213201359634,0.034526167983155165,0.12378640776699029,0.6480582524271845,0.2078677413445686,1.020786774134457
157,Destinature,normal,100,100,97600,97899,99399,98321.5,0.7392418032786896,1.5321913400545562,0.007365228028296126,0.015205718270049866,0.11407766990291263,0.8713592233009708,0.20174326844899323,1.0201743268448993
158,ブルブル,matataki,100,100,31042,31600,37749,32524.5,4.775787642548801,19.458860759493678,0.046652525261252166,0.1778018646850742,0.7160194174757282,0.11407766990291257,0.19680065860443982,1.019680065860444
159,Dig Mirage,normal,100,100,74899,75347,76253,75438.5,0.7203033418336613,1.202436726080669,0.00717721547731797,0.011952648896350912,0.10922330097087378,0.9150485436893204,0.19515253301431004,1.0195152533014311
160,ミニバイオームアスレチック,normal,100,100,192845,193275,202499,194334.0,0.7721226892063671,4.772474453498909,0.0076915707762826345,0.04662090305625722,0.11893203883495146,0.4975728155339806,0.19197691308003978,1.019197691308004
161,challenge2,challenge,100,100,100672,101982,120505,102691.5,2.0060195486331756,18.16300915847895,0.019861640737530523,0.16689491872253098,0.4199029126213592,0.12378640776699024,0.19120579056865458,1.0191205790568654
162,challenge3,challenge,100,100,179378,187844,229264,200720.5,11.898058847796268,22.050211877941273,0.11241808197464331,0.19926234684233501,0.8956310679611651,0.1043689320388349,0.18695211612781593,1.0186952116127816
163,GABA2,normal,100,100,66847,66900,67901,67326.5,0.7173096773228416,1.496263079222726,0.007147492483025385,0.01485179486251931,0.10436893203883495,0.8810679611650485,0.18663015926156198,1.0186630159261563
164,スルスル,matataki,100,100,9850,9952,12196,11056.0,12.243654822335026,22.548231511254023,0.11550181184131658,0.20333449312918475,0.9053398058252428,0.09951456310679607,0.17931851226490306,1.0179318512264903
165,GABA,normal,100,100,90552,90799,92206,91194.5,0.7095370615778807,1.5495765371865255,0.007070316914081549,0.015376932036368345,0.09951456310679611,0.866504854368932,0.1785261257745036,1.0178526125774503
166,Divinia,normal,100,100,313554,330758,406392,349232.5,11.378741779725331,22.866869433241234,0.10776629546503151,0.20593122087583698,0.8810679611650486,0.09466019417475724,0.17095348500217353,1.0170953485002174
167,カラフル迷路,other,100,100,338306,338702,350108,340629.0,0.686656458945456,3.367562045692085,0.00684309710092719,0.0331210135767499,0.09466019417475728,0.662621359223301,0.16565533980582525,1.0165655339805826
168,くるるん,matataki,100,100,16969,16998,17201,17077.5,0.6394012611232291,1.194258148017413,0.0063736576331783305,0.011871831587819319,0.08980582524271845,0.9247572815533981,0.16371301156686952,1.016371301156687
169,challenge10,challenge,100,100,108214,111182,137808,117686.5,8.753488458055326,23.948121098739005,0.08391356124144266,0.21469291383637687,0.8616504854368932,0.0898058252427184,0.16265851000594406,1.0162658510005944
170,えれベータ,matataki,100,100,15919,16001,19157,16149.5,1.4479552735724655,19.723767264545966,0.014375725064081727,0.18001696379622636,0.30339805825242716,0.10922330097087374,0.16062250142775553,1.0160622501427756
171,Waza07,waza,100,100,184434,190244,238457,206200.5,11.801782751553391,25.34271777296524,0.11155732050517712,0.22588154177876396,0.8859223300970874,0.08495145631067957,0.15503640776699024,1.015503640776699
172,Undersea road,normal,100,100,62700,62851,64152,63099.0,0.6363636363636349,2.0699750202860745,0.0063434739221749515,0.02048842169608237,0.08495145631067962,0.7936893203883495,0.15347583543421123,1.0153475835434211
173,バイオームミックス,normal,100,100,448597,538588,676484,585246.0,30.461416371487093,25.603244038114468,0.26590733707002073,0.22795789604139824,0.9878640776699029,0.08009708737864074,0.14817961165048538,1.0148179611650485
174,元祖EASY,normal,100,100,47169,47217,47864,47467.0,0.6317708664589139,1.3702691827096158,0.006297835600769893,0.013609658850157084,0.08009708737864078,0.8907766990291263,0.14697815533980582,1.0146978155339805
175,Archaic arcade,normal,100,100,284459,288558,364791,337609.5,18.684766521713136,26.418605618281244,0.17130077143315842,0.23442848123950807,0.9538834951456311,0.07524271844660191,0.1394829639128045,1.0139482963912805
176,ミスディレクション,matataki,100,100,24700,24700,25022,24850.5,0.6093117408906945,1.3036437246963573,0.0060746294306333005,0.01295219426127676,0.07524271844660194,0.8956310679611651,0.13882281553398057,1.013882281553398
177,運ゲー,matataki,100,100,43299,43397,55055,46758.5,7.989791912053401,26.863608083508073,0.07686651733605582,0.23794237127236148,0.8519417475728155,0.07038834951456308,0.13003321410321916,1.013003321410322
178,DIVE into SUMMER!!!!!,normal,100,100,83548,83701,85352,84048.5,0.5990568296069254,1.9724973417282854,0.005972696182374241,0.019532957033798128,0.0703883495145631,0.8179611650485437,0.12962226112791128,1.012962226112791
179,Cs cluster amaryllis,normal,100,100,29151,29300,29504,29300.0,0.5111316935954235,0.696245733788392,0.005098298497610058,0.006938331351161663,0.06553398058252427,0.9684466019417476,0.12276083686585533,1.0122760836865856
180,challenge4,challenge,100,100,110851,111648,142024,123010.0,10.96877790908517,27.206936084838063,0.1040786956592444,0.24064499240013293,0.8762135922330098,0.06553398058252424,0.1219472525272745,1.0121947252527275
181,ブレイブ・メン・ロード,normal,100,100,25347,25441,25630,25473.5,0.49907286858406064,0.7428953264415616,0.004978316280268461,0.007401494500503737,0.06067961165048544,0.9587378640776699,0.11413546000924642,1.0114135460009246
182,Childing,normal,100,100,215136,227124,294671,237819.5,10.543795552580693,29.740141948891363,0.1002415962901869,0.2603633558989739,0.8713592233009708,0.06067961165048541,0.11345823220064721,1.0113458232200647
183,Intermediate Course,normal,100,100,47373,53327,69834,56109.5,18.44193950140376,30.954300823222745,0.16925269250301517,0.26967822767351646,0.9490291262135923,0.05582524271844658,0.1054476806903991,1.0105447680690398
184,つるつる,matataki,100,100,57821,57949,58700,58100.5,0.48338838830181974,1.2959671435227582,0.004822238180557723,0.01287641345257357,0.055825242718446605,0.9004854368932039,0.10513281750529793,1.0105132817505298
185,Waza06,waza,100,100,177549,188283,249598,205900.5,15.968267914772817,32.56534047152424,0.14814641523711958,0.28190547352091316,0.9393203883495146,0.050970873786407744,0.09669474585950881,1.009669474585951
186,Victors,normal,100,100,96650,96701,98402,97100.0,0.46559751681325423,1.7590304133359602,0.0046451696429394285,0.017437385387493613,0.050970873786407765,0.8422330097087378,0.09612441958632334,1.0096124419586323
187,夕景と終末のエピローグ,normal,100,100,89702,89948,90800,90057.0,0.39575483266816036,0.9472139458353679,0.003949737832459714,0.009427560032661042,0.04611650485436893,0.9441747572815534,0.087937845040929,1.0087937845040928
188,challenge5,challenge,100,100,98873,101849,135150,112827.0,14.113054119931622,32.696442773124915,0.1320194738004569,0.28289394845817595,0.9247572815533981,0.04611650485436891,0.08785194174757277,1.0087851941747572
189,Atlantis,normal,100,100,75299,75500,75747,75548.5,0.33134570180215484,0.3271523178807856,0.003307979615406814,0.0032661833898458277,0.0412621359223301,0.9927184466019418,0.07923104972879348,1.0079231049728794
190,ビル--蜘蛛の巣--,kuwaty,100,100,33907,34644,46706,35362.0,4.291149320199361,34.816995727975986,0.042016314510035485,0.29874808561063654,0.7014563106796117,0.04126213592233008,0.07793959007551238,1.0077939590075513
191,新人バイオーム,normal,100,100,1383053,1394135,1904083,1742757.0,26.007969325832047,36.57809322626575,0.23117496758099182,0.3117263765912388,0.9733009708737864,0.036407766990291246,0.07018997386109034,1.007018997386109
192,Fantasia,normal,100,100,74467,74550,75102,74712.5,0.32967623242510236,0.7404426559356247,0.0032913399176618457,0.007377148363194134,0.03640776699029126,0.9635922330097088,0.07016448298614383,1.0070164482986144
193,challenge9,challenge,100,100,184506,191972,277551,223160.5,20.950267199982655,44.57889692246786,0.19020926024270726,0.3686551720243686,0.9635922330097088,0.03155339805825241,0.06110584892256687,1.0061105848922567
194,Mining Athletic,normal,100,100,124297,124301,127255,124653.5,0.2868130365173638,2.376489328323994,0.002864025126976773,0.023486903852940843,0.03155339805825243,0.7597087378640777,0.06059026743701233,1.0060590267437013
195,Tasty sweets 2,normal,100,100,82451,82452,83504,82647.5,0.23832336781846042,1.2758938533934838,0.002380398280851572,0.01267822906411814,0.02669902912621359,0.9053398058252428,0.05186842637540453,1.0051868426375405
196,飛べないんご,kuwaty,100,100,36798,36848,53554,37548.0,2.0381542475134573,45.33760312635693,0.020176618602843772,0.3738891475710652,0.42475728155339804,0.02669902912621358,0.050240108570832005,1.0050240108570831
197,Waza10,waza,100,100,254350,288372,454239,373797.0,46.9616669942992,57.51841371561732,0.38500159803829953,0.454372177923975,0.9975728155339806,0.021844660194174748,0.042753120665742,1.0042753120665742
198,Tasty sweets,normal,100,100,93700,93749,94799,93921.5,0.2363927427961654,1.1200119467940972,0.0023611377470564828,0.011137862555169051,0.021844660194174758,0.9296116504854369,0.042686249256984346,1.0042686249256985
199,SiLenT,normal,100,100,63098,63101,63401,63175.0,0.12203239405368382,0.4754282816437083,0.001219579950487981,0.004743016907321942,0.01699029126213592,0.9878640776699029,0.033406031612025704,1.0033406031612027
200,雪なる標,normal,100,100,42601,46246,73604,48244.0,13.246167930330266,59.157548760973924,0.12439374054278214,0.464724398352352,0.9101941747572816,0.016990291262135915,0.033357901692675225,1.0033357901692674
201,かなかなセクション,hard,100,100,83846,86771,139893,107806.5,28.57679555375332,61.220914821772254,0.2513561706055423,0.4776053802202772,0.9781553398058253,0.012135922330097082,0.0239743955834761,1.0023974395583477
202,柵くぐり,matataki,100,100,45450,45456,45742,45498.5,0.10671067106711174,0.6291798662442893,0.0010665377570253341,0.00627208793133541,0.012135922330097087,0.9733009708737864,0.023972930317088335,1.0023972930317089
203,Waza05,waza,100,100,124399,126770,206247,155979.5,25.386458090499108,62.6938550130157,0.22623044667048198,0.48670005870382343,0.9684466019417476,0.007281553398058249,0.014454426894652943,1.0014454426894652
204,ぴょんぴょんアスレ NORMAL,kuwaty,100,100,7443,7450,7800,7450.0,0.09404809888486909,4.697986577181212,0.0009400390136946106,0.04590970130407795,0.007281553398058253,0.5072815533980582,0.01435702509617146,1.0014357025096172
205,輝く洞窟,kuwaty,100,100,13751,14349,25302,19799.5,43.98589193513198,76.33284549445953,0.36454513611557887,0.5672031906262082,0.9927184466019418,0.0024271844660194164,0.004842529007814348,1.0004842529007814
206,ぴょんぴょんアスレ EASY,kuwaty,100,100,9199,9199,9250,9200.0,0.01087074682031286,0.554408087835645,0.0001087015599744822,0.005528769029313725,0.0024271844660194173,0.9781553398058253,0.00484235316735557,1.0004842353167356
