difficulty_rank,course_name,category,ranking_row_count,unique_players,rank1_time_ms,rank2_time_ms,rank10_time_ms,rank2to5_median_time_ms,rank1_to_rank2to5_median_percent_gap,rank2_to_rank10_percent_spread,first_place_outlierness_raw,top_density_spread_raw,first_place_outlierness,top_density,first_place_difficulty,difficulty_multiplier
1,図書館戦争,normal,100,100,87498,90551,92202,90667.0,3.6217970696473145,1.8232819074333717,0.03557751813223461,0.01806859441050007,0.6785714285714286,0.8261904761904761,0.7451401446654611,1.0745140144665462
2,Metalic Gear,normal,100,100,101750,104156,106254,104865.5,3.0619164619164696,2.014286262913312,0.030159752333079572,0.019942678889608347,0.6071428571428571,0.8023809523809524,0.6912403474903475,1.0691240347490347
3,飛び水,matataki,100,100,22563,23023,23639,23231.0,2.960599211097814,2.6755852842809347,0.029176197126451996,0.02640417419651071,0.5833333333333334,0.7214285714285714,0.6450729927007299,1.064507299270073
4,Athletic Memory,normal,100,100,177851,182851,188688,183450.0,3.1481408594834948,3.192216613526866,0.030996029706862483,0.031423243803547364,0.6214285714285714,0.6690476190476191,0.6443595150237217,1.0644359515023722
5,Stare,normal,100,100,91649,92705,95276,94228.0,2.8139968793985837,2.7733131977778935,0.027751314178913182,0.027355534087851317,0.569047619047619,0.7119047619047619,0.6325101787927067,1.0632510178792707
6,Escape from U.L.,normal,100,100,439868,442958,461008,455854.0,3.634272099811753,4.074878430912188,0.035697900905385674,0.03994043900110233,0.6833333333333333,0.5880952380952381,0.632147315855181,1.063214731585518
7,Viola,normal,100,100,83647,85147,88698,86653.0,3.5936734132724357,4.170434660058486,0.03530607453314406,0.04085816660259894,0.6738095238095239,0.5738095238095238,0.6198018902217375,1.0619801890221738
8,散歩道,normal,100,100,46686,47310,48525,47838.5,2.4686201430835775,2.5681674064679694,0.024386420772914946,0.02535743941201717,0.5119047619047619,0.7357142857142858,0.6037350054525628,1.0603735005452564
9,Colorless_Planet,normal,100,100,102551,103357,107850,106106.0,3.4665678540433564,4.347068897123552,0.03407835863349574,0.042552357989902145,0.65,0.5547619047619048,0.5986166007905138,1.0598616600790514
10,カイﾀﾞﾝﾀﾞﾝ,matataki,100,100,16553,18634,19756,19439.0,17.434906059324582,6.021251475796929,0.16071400310194728,0.0584693736501452,0.9452380952380952,0.4214285714285714,0.5829517172722747,1.0582951717272275
11,蜘蛛の巣,matataki,100,100,12005,12203,12504,12276.0,2.2573927530195714,2.466606572154384,0.02232290708427316,0.024366769969472974,0.4785714285714286,0.7452380952380953,0.5828515842134518,1.058285158421345
12,Liar Truth,other,100,100,28400,28949,29800,29078.5,2.3890845070422495,2.939652492314071,0.023609924324578,0.02897273240328907,0.5023809523809524,0.6928571428571428,0.5824416619237336,1.0582441661923734
13,Elementary_course,normal,100,100,93849,94856,97265,95903.5,2.1891549190721227,2.539639031795571,0.021655369899044423,0.02507926009401101,0.4595238095238095,0.7404761904761905,0.5671107331821618,1.0567110733182161
14,手が疲れる奴,matataki,100,100,28849,29182,30551,29798.0,3.289542098512954,4.691248029607298,0.03236594685684219,0.045845337464276006,0.6309523809523809,0.5119047619047619,0.5652281746031745,1.0565228174603174
15,Happy Flavor!,normal,100,100,95850,97152,99654,97855.0,2.091810119979143,2.5753458498023685,0.020702321665279043,0.0254274240118067,0.45476190476190476,0.730952380952381,0.5606903805698987,1.05606903805699
16,BigBiome,normal,100,100,503594,511324,520639,513429.0,1.952962108365064,1.821741205184968,0.01934136513079928,0.018053463156861908,0.42142857142857143,0.8309523809523809,0.5592341118957088,1.0559234111895708
17,Electronic Escape,normal,100,100,98251,99750,105094,102226.0,4.045760348495175,5.357393483709272,0.03966061973110799,0.05218813199616779,0.7023809523809523,0.4642857142857143,0.5590379008746356,1.0559037900874635
18,daydream planet,normal,100,100,66498,67598,69402,67878.5,2.0760022857830407,2.668718009408555,0.02054747028061246,0.026337288728885945,0.45,0.7261904761904762,0.5556680161943319,1.0555668016194333
19,ヒューストン,matataki,100,100,12675,12894,13298,12957.5,2.2287968441814687,3.13324026679076,0.022043221604477792,0.030851561091834845,0.46904761904761905,0.6785714285714286,0.5546828689982217,1.0554682868998222
20,八の字,matataki,100,100,19250,19899,20999,20125.5,4.5480519480519455,5.527915975677167,0.04447660698270575,0.05380533833045245,0.7214285714285714,0.44999999999999996,0.5542682926829269,1.0554268292682927
21,はしご邪魔やねん,matataki,100,100,22150,22203,23024,22672.5,2.3589164785553063,3.6976985092104675,0.023315239848441128,0.036309735261572974,0.4976190476190476,0.6214285714285714,0.5526747720364742,1.0552674772036474
22,Title,normal,100,100,37549,38814,41003,39350.0,4.796399371487925,5.639717627660112,0.0468492281663395,0.05486422846926423,0.7309523809523809,0.44047619047619047,0.5496999612853272,1.0549699961285328
23,パラレルバイオーム,normal,100,100,217552,219807,229800,223627.0,2.792435831433404,4.546261038092503,0.027541582919439044,0.0444594768184855,0.5642857142857143,0.5261904761904762,0.5445726762320648,1.0544572676232065
24,Neophyte Biome,normal,100,100,397451,398102,413097,406509.0,2.27902307454253,3.7666226243525447,0.022534412908466635,0.03697417835522135,0.4928571428571429,0.6071428571428572,0.5440630797773656,1.0544063079777366
25,自然の中を駆け抜ける,normal,100,100,69800,71557,74959,71875.0,2.9727793696274984,4.754251855164404,0.029294489349187637,0.046446962493146386,0.5928571428571429,0.5023809523809524,0.5438819875776397,1.054388198757764
26,Neotech Android,normal,100,100,109300,109954,115112,112429.0,2.862763037511429,4.691052622005576,0.028225516116423016,0.04584347094928297,0.5738095238095238,0.5166666666666666,0.5437409024745269,1.0543740902474528
27,miniascape of sea,normal,100,100,270843,274554,286901,278236.5,2.72981025907999,4.4971116793053545,0.026932154251905777,0.04398924560231353,0.5547619047619048,0.530952380952381,0.5425960735171261,1.0542596073517125
28,Country Messenger,normal,100,100,80948,82227,86650,83803.5,3.5275732569056695,5.37901176012745,0.03466779951622996,0.05239330087972162,0.6595238095238095,0.45952380952380956,0.5416514690982777,1.0541651469098277
29,Zhanlue,normal,100,100,67702,68746,70202,68978.0,1.884730140911639,2.117941407500079,0.018671891597725553,0.020958247618551154,0.4119047619047619,0.7880952380952381,0.5410336356764928,1.0541033635676493
30,Annus novus,normal,100,100,91306,91446,95245,93529.0,2.434670229776792,4.1543643243006745,0.02405504577590367,0.04070388505889377,0.5071428571428571,0.5785714285714285,0.5405075187969924,1.0540507518796993
31,Winter World,normal,100,100,58454,58548,60749,59783.0,2.273582646183314,3.759308601489386,0.02248121946865364,0.0369036905581255,0.48333333333333334,0.611904761904762,0.5400724637681159,1.0540072463768115
32,GABA3,normal,100,100,112090,113660,119253,115590.5,3.1229369256847272,4.920816470174194,0.030751652897521825,0.0480357508157416,0.6166666666666667,0.47857142857142854,0.5389130434782609,1.0538913043478262
33,5thタワー,kuwaty,100,100,60995,62231,65323,62875.5,3.083039593409298,4.968584788931563,0.030364687073865443,0.048490926916064464,0.611904761904762,0.4738095238095238,0.5340747702589808,1.053407477025898
34,エンドアタック,normal,100,100,104998,106400,108847,106976.0,1.8838454065791765,2.299812030075188,0.018663207880620588,0.022737649529631133,0.40714285714285714,0.7738095238095238,0.5335541474654378,1.0533554147465438
35,Athletic_VOXXXX,normal,100,100,215809,224837,239166,231610.5,7.321983791222797,6.373061373350475,0.07066332422166158,0.06178217628203956,0.8452380952380952,0.38809523809523805,0.531945210516639,1.053194521051664
36,slowly melt,normal,100,100,84904,85966,86998,86311.0,1.65716574013004,1.2004746062396654,0.01643584584789914,0.011933260639253726,0.36904761904761907,0.9214285714285715,0.5270163415919874,1.0527016341591988
37,にょろにょろ,matataki,100,100,18900,19149,19597,19248.0,1.8412698412698436,2.339547757063043,0.01824523716672639,0.02312599835488725,0.3976190476190476,0.7642857142857142,0.5230971896955503,1.052309718969555
38,ミニBOXバイオーム-EASY-,kuwaty,100,100,113453,134000,144351,134676.0,18.706424686874733,7.7246268656716355,0.17148323957876588,0.07440803374054887,0.9595238095238096,0.3547619047619047,0.5180037957211869,1.0518003795721187
39,世界樹の麓,normal,100,100,238800,239456,248150,243475.0,1.9577051926298106,3.6307296538821365,0.01938788632881587,0.03566371813550182,0.4261904761904762,0.6309523809523809,0.5087408837408837,1.0508740883740884
40,Chaterno,normal,100,100,239849,243154,249737,244247.5,1.833862138261999,2.7073377365784745,0.018172496789056178,0.02671337665680769,0.39285714285714285,0.7166666666666667,0.5075107296137339,1.0507510729613734
41,サイド,matataki,100,100,32750,32899,34050,33362.5,1.8702290076335837,3.498586583178831,0.01852955264938156,0.034387770422914916,0.4023809523809524,0.6547619047619048,0.4984448734448734,1.0498444873444874
42,GoNiGoNi_Level`s_2,normal,100,100,101699,103455,107800,103805.0,2.0708168221909684,4.1998936735778925,0.02049666896403211,0.04114092292353261,0.4452380952380952,0.5642857142857143,0.49774258760107815,1.0497742587601078
43,堅焼き粘土タイムアタック,kuwaty,100,100,137903,138556,148703,145094.0,5.2145348542091075,7.323392707641685,0.050831268785144434,0.07067645207413983,0.7595238095238095,0.36904761904761907,0.49673498091219614,1.0496734980912197
44,dungeon of ruins,normal,100,100,87047,87254,90847,88780.0,1.9908784909301813,4.1178627913906585,0.019713196737878514,0.04035336752912766,0.430952380952381,0.5833333333333333,0.4956964006259781,1.0495696400625978
45,ビル--隙間--,kuwaty,100,100,18102,18401,19775,19043.0,5.198320627554964,7.46698548991902,0.05067715057170056,0.07201350268948022,0.75,0.3642857142857143,0.4903846153846154,1.0490384615384616
46,Caves.,normal,100,100,72702,72949,77515,75062.5,3.2468157684795385,6.259167363500517,0.031952205362761714,0.06071089916267773,0.6261904761904762,0.4023809523809524,0.48993606701940035,1.04899360670194
47,flashback,normal,100,100,68999,69744,70947,70024.0,1.4855287757793656,1.724879559532,0.014746028691521714,0.017101723917953757,0.3404761904761905,0.8404761904761905,0.4846294162826421,1.0484629416282643
48,Screw Biome,normal,100,100,313302,317902,337653,322596.5,2.9666264498790396,6.212920963064095,0.029234734687608375,0.06027558173787174,0.5880952380952381,0.4119047619047619,0.4844784580498866,1.0484478458049886
49,厳冬の煌めき,normal,100,100,57450,59302,63848,60273.0,4.913838120104441,7.665846008566324,0.04796923796936786,0.07386222632594798,0.7357142857142858,0.3595238095238096,0.48301242236024855,1.048301242236025
50,シュルシュル,matataki,100,100,24299,24899,26550,25148.0,3.4939709453063905,6.630788385075714,0.034343173284463985,0.06420210566631647,0.6547619047619048,0.37857142857142856,0.47975641869651087,1.047975641869651
51,ColorTunnel,normal,100,100,159582,171016,184800,178510.0,11.860986828088382,8.060064555363233,0.11208672535900255,0.07751703983060412,0.8976190476190476,0.32619047619047614,0.47849731332221596,1.0478497313322217
52,ジャングルジム-マツ-,kuwaty,100,100,24604,24762,26453,25475.5,3.5421069744757006,6.829012196106943,0.03480817465543583,0.0660593534241655,0.6642857142857143,0.3738095238095238,0.4784076015727392,1.047840760157274
53,帰路の森,normal,100,100,54048,54552,57651,55432.0,2.560686796921252,5.680818301803781,0.025284503699690555,0.055253217400047946,0.5261904761904762,0.4357142857142857,0.4766973125884017,1.04766973125884
54,Not found.,normal,100,100,93587,94418,97308,95109.0,1.6262942502698108,3.0608570399711876,0.016132117348797305,0.03014947280959663,0.3595238095238095,0.6833333333333333,0.47115677321156774,1.0471156773211567
55,ゴンゴン,matataki,100,100,9079,9747,10550,10186.5,12.19848000881154,8.238432338155333,0.11509925985019857,0.07916631456700259,0.9071428571428571,0.31666666666666665,0.46945525291828794,1.0469455252918287
56,晩夏光,normal,100,100,75750,75869,78551,77000.0,1.650165016501659,3.5350406621940555,0.01636697746420541,0.03473992654244959,0.36428571428571427,0.6452380952380952,0.4656671159029649,1.0465667115902966
57,Canyon Path,normal,100,100,306165,308350,315603,310700.0,1.481227442718791,2.3521971785308793,0.014703644084886055,0.02324959319246039,0.3357142857142857,0.7595238095238095,0.4656211180124224,1.0465621118012423
58,Mad Junkie :D,normal,100,100,82644,83500,84551,83832.0,1.4374909249310397,1.2586826347305458,0.014272569822079136,0.012508270738949131,0.3119047619047619,0.9119047619047619,0.46482304984250505,1.0464823049842504
59,Variety_Parkour,normal,100,100,137843,137899,146254,141314.0,2.5180821659424035,6.058782152154829,0.024869008406762507,0.05882330302395429,0.5214285714285715,0.41666666666666663,0.46319796954314724,1.0463197969543148
60,入門,normal,100,100,812750,821046,854004,826448.5,1.6854506305752137,4.0141478065784275,0.016714045185868064,0.03935674050285752,0.37857142857142856,0.5928571428571429,0.46207983193277313,1.0462079831932773
61,アスレチックビル,normal,100,100,462400,466005,495232,474800.5,2.6817690311418785,6.271821117799159,0.02646439845176981,0.060829975956175134,0.5357142857142857,0.39761904761904765,0.45645043731778423,1.0456450437317784
62,ksk,matataki,100,100,8600,8609,9153,8831.0,2.6860465116279153,6.318968521314905,0.026506055227203198,0.06127352672682472,0.5404761904761904,0.3928571428571429,0.4549927113702624,1.0454992711370263
63,Imagination,normal,100,100,86147,86151,90999,88064.0,2.22526611489664,5.6273287599679644,0.022008683486388292,0.05474694687785487,0.4642857142857143,0.4452380952380952,0.4545624532535527,1.0454562453253553
64,challenge1,challenge,100,100,91774,94780,102654,97708.5,6.466428400200486,8.307659843848914,0.06265952317794085,0.07980569353112425,0.8214285714285714,0.3119047619047619,0.4521308523409364,1.0452130852340937
65,LonelySomedayMemory,normal,100,100,78749,79592,85849,81359.0,3.3143278009879484,7.861342848527486,0.03260588140023634,0.07567635376493893,0.6357142857142857,0.35,0.4514492753623188,1.045144927536232
66,古き砂上の楼閣,normal,100,100,109648,109651,113749,111373.0,1.5732161097329556,3.737312017218275,0.015609693434979581,0.03669167183427428,0.3547619047619048,0.6166666666666667,0.4504084967320261,1.0450408496732027
67,ラージバイオーム,normal,100,100,1499616,1503337,1591557,1533202.5,2.2396733563792237,5.8682783700527485,0.022149609764934464,0.057025478499380375,0.4738095238095238,0.42619047619047623,0.4487402368354749,1.0448740236835474
68,My Archive,normal,100,100,358802,359523,369506,364025.0,1.455677504584707,2.776734729071584,0.014451842291853721,0.027388825554611026,0.3261904761904762,0.7071428571428571,0.4464450296247532,1.0446445029624754
69,ツリーアスレ,normal,100,100,26649,27403,29700,28275.0,6.101542271755034,8.382293909425975,0.05922639554651051,0.08049454935702317,0.8119047619047619,0.30714285714285716,0.4456838905775076,1.0445683890577508
70,Wood and Cave and...,normal,100,100,156101,158282,168152,159651.0,2.2741686472219858,6.2357058920155195,0.02248694919225087,0.06049007998505813,0.4880952380952381,0.40714285714285714,0.44395896656534956,1.044395896656535
71,GoNiGoNi_Level`s_1,normal,100,100,50366,50751,53001,51210.5,1.6767263630226736,4.433410179109765,0.01662824488920654,0.043379459137388575,0.3738095238095238,0.5404761904761906,0.441951884920635,1.0441951884920635
72,Circular world,normal,100,100,171401,172444,186649,178274.0,4.009894924767066,8.237456797569065,0.039315852134800496,0.0791573016409888,0.6976190476190476,0.3214285714285714,0.44008678237650195,1.0440086782376503
73,弥日異に息吹く山吹花吹雪,normal,100,100,53100,56401,61251,58524.0,10.214689265536725,8.599138313150467,0.09725999826802273,0.08249328697888846,0.8738095238095238,0.2928571428571428,0.43868804664723027,1.043868804664723
74,てけちゃんアスレ,kuwaty,100,100,47287,48249,52371,50069.5,5.884281092054899,8.543182242119007,0.05717662398799469,0.08197790082913219,0.7928571428571428,0.3023809523809524,0.4377950310559006,1.04377950310559
75,Laberinto de Garrulus,normal,100,100,75151,75549,76799,76200.0,1.3958563425636283,1.654555321711726,0.013862039862257059,0.01641016687174544,0.29285714285714287,0.85,0.43562500000000004,1.0435625
76,Vestige,normal,100,100,346737,349990,366644,352692.0,1.7174400193806783,4.758421669190538,0.01702858731422218,0.046486767378994494,0.38333333333333336,0.4976190476190476,0.4330630630630631,1.0433063063063064
77,corrosion of the slime,normal,100,100,204752,205651,223237,215678.0,5.336211612096586,8.551380737268488,0.05198706398867496,0.08205343008275202,0.7738095238095238,0.29761904761904767,0.4298941798941799,1.042989417989418
78,IDEA,normal,100,100,104908,105027,108759,106426.5,1.447458725740658,3.553371990059695,0.014370830445499463,0.03491696520606909,0.31666666666666665,0.6357142857142857,0.42275,1.042275
79,Alticlus,normal,100,100,243855,247960,267902,250891.0,2.8853211949724233,8.042426197773844,0.028444795509818432,0.07735379916116912,0.5785714285714286,0.330952380952381,0.42105459985041144,1.0421054599850412
80,ジャングルジム-オーク-,kuwaty,100,100,14459,15299,16649,15512.0,7.282661318210115,8.824106150728817,0.07029685989436148,0.08456268777747335,0.8404761904761905,0.2785714285714286,0.4184498480243161,1.0418449848024316
81,Jungle Maze,normal,100,100,61561,62249,62909,62373.0,1.3190169100566917,1.0602579961123793,0.013103936276130117,0.010546766772792275,0.26904761904761904,0.9404761904761905,0.41840082489688785,1.0418400824896887
82,隙間,matataki,100,100,10297,11157,12158,11824.5,14.834417791589782,8.971945863583407,0.1383210595113218,0.08592028571548814,0.930952380952381,0.2690476190476191,0.41745086923658353,1.0417450869236584
83,バイオームロード,normal,100,100,737343,770950,838809,778784.0,5.620315104367979,8.801997535508143,0.05468054466409038,0.08435950796657525,0.7880952380952381,0.2833333333333333,0.4168148148148148,1.0416814814814814
84,中級TA,matataki,100,100,18349,18353,19803,18802.0,2.468799389612508,7.90061570315479,0.024388170053542556,0.07604039249840837,0.5166666666666667,0.34523809523809523,0.4139042357274401,1.041390423572744
85,雨緑林,normal,100,100,52905,53450,53954,53602.5,1.3184009072866543,0.942937324602422,0.01309785642398164,0.009385194209398501,0.2642857142857143,0.95,0.41352941176470587,1.0413529411764706
86,calm,normal,100,100,49750,49840,51429,50449.5,1.4060301507537787,3.1882022471910076,0.013962372343128929,0.03138434121425595,0.2976190476190476,0.6738095238095239,0.4128734827264239,1.0412873482726424
87,LONG BIOME,normal,100,100,513907,515549,538146,521431.5,1.4641754247363803,4.383094526417475,0.014535598711286974,0.04289754652481018,0.33095238095238094,0.5452380952380953,0.4118918219461698,1.0411891821946169
88,GoNiGoNi_Level`s_3,normal,100,100,76935,78053,84241,78997.5,2.6808344706570564,7.927946395398,0.026455296887328256,0.0762936554782805,0.530952380952381,0.33571428571428574,0.4113422291993721,1.0411342229199372
89,Octologue templum,normal,100,100,94803,95600,97949,96099.0,1.3670453466662513,2.457112970711295,0.01357785576495671,0.02427411499062466,0.2833333333333333,0.75,0.4112903225806452,1.0411290322580644
90,Bornament,normal,100,100,75702,76398,78601,76754.5,1.3903199387070408,2.8835833398780153,0.013807436496687564,0.028427904181185685,0.28809523809523807,0.6976190476190476,0.4077869795261099,1.040778697952611
91,鯉の滝登り,matataki,100,100,26590,26670,27954,27001.5,1.5475742760436173,4.8143982002249786,0.015357214761803382,0.04702096386879187,0.35,0.48809523809523814,0.40767045454545453,1.0407670454545455
92,Zenith,normal,100,100,495911,496903,516796,502965.0,1.4224326542464194,4.00339704127366,0.014124110033210091,0.039253376478229664,0.30238095238095236,0.5976190476190476,0.4015747039556563,1.0401574703955656
93,Whaels herd,normal,100,100,57850,58148,62001,58952.5,1.9057908383750988,6.626195225975096,0.01887858126550041,0.0641590293831997,0.4166666666666667,0.3833333333333333,0.3993055555555555,1.0399305555555556
94,Ultra Niwatori Planet,normal,100,100,347128,350132,380298,358728.0,3.341706805558764,8.615607827904913,0.032870853142127475,0.08264492967422658,0.6404761904761904,0.28809523809523807,0.3974236874236874,1.0397423687423688
95,でこぼこ,matataki,100,100,13006,13083,14246,13564.5,4.294171920652001,8.889398456011621,0.04204529641954734,0.085162488027423,0.7166666666666667,0.27380952380952384,0.3962339743589744,1.0396233974358975
96,Athletic Starter Road,normal,100,100,145851,146743,149436,147756.5,1.3064703018834223,1.8351812352207508,0.012980095900845234,0.018185450126852843,0.25952380952380955,0.8214285714285714,0.394430459408433,1.0394430459408432
97,ゆらゆら,matataki,100,100,17656,17755,19500,18705.5,5.94415496148617,9.82821740354829,0.057741929309048264,0.09374729917464984,0.8023809523809524,0.2595238095238095,0.39219517403373905,1.0392195174033738
98,テクニックコース,matataki,100,100,21245,21319,22307,21549.0,1.430924923511423,4.63436371311976,0.014207838193999438,0.0453018366722399,0.30714285714285716,0.5214285714285714,0.38657635467980295,1.0386576354679804
99,図書館アスレ改,kuwaty,100,100,32599,33900,37251,34306.0,5.236356943464515,9.884955752212399,0.05103865293207975,0.09426377571641024,0.7642857142857142,0.25476190476190474,0.3821428571428571,1.0382142857142858
100,竜田揚げアスレチック,normal,100,100,73399,73954,75148,74327.5,1.2650036104034035,1.6145171322714091,0.012570692826874782,0.016016224109329603,0.24523809523809523,0.8547619047619047,0.381127602556174,1.0381127602556175
101,Dimension//Endroll,normal,100,100,196603,197902,205565,199241.5,1.3420446280066889,3.872118523309509,0.01333118977884382,0.03799032695496164,0.2785714285714286,0.6023809523809525,0.380965250965251,1.038096525096525
102,Sanctuary,arena,100,100,82345,83053,84764,83409.0,1.2921245977290718,2.060130278256045,0.012838478885333016,0.020391966133849016,0.25,0.7976190476190477,0.3806818181818182,1.0380681818181818
103,ンぴょンぴょアスレチック1,other,100,100,21654,22047,24249,22762.5,5.119146577999456,9.987753435841618,0.04992425016501992,0.0951988412049732,0.7404761904761905,0.25,0.3737980769230769,1.0373798076923078
104,Spooky,normal,100,100,63600,63759,65655,64425.0,1.297169811320753,2.973697830894473,0.012888286192352282,0.029303408766304797,0.25476190476190474,0.6880952380952381,0.3718494468494468,1.0371849446849446
105,End Maverick,normal,100,100,77702,78400,79905,78667.5,1.2425677588736361,1.9196428571428559,0.012349112453658502,0.019014501680709978,0.24047619047619048,0.8166666666666667,0.37154654654654656,1.0371546546546546
106,Effect Challenge,kuwaty,100,100,50284,50850,55599,51798.5,3.0118924508790057,9.339233038348072,0.029674256264617865,0.08928509298871379,0.6023809523809524,0.26428571428571423,0.367386185243328,1.0367386185243328
107,四角世界のお菓子達,normal,100,100,73802,73900,77133,74777.0,1.3211024091488,4.374830852503386,0.013124519555484555,0.042818376606797194,0.27380952380952384,0.55,0.36560693641618497,1.0365606936416185
108,BiomesIsland,normal,100,100,761005,772155,861415,814707.5,7.056786749101507,11.559855210417602,0.06818922497452855,0.10939107890747905,0.830952380952381,0.2309523809523809,0.36144565449498184,1.0361445654494983
109,はしごくだり,matataki,100,100,11395,11651,13051,12177.5,6.867046950416844,12.016135953995356,0.06641532400091305,0.11347274594758645,0.8261904761904761,0.22619047619047616,0.3551497522085757,1.0355149752208577
110,Variety_Parkour_2,normal,100,100,128198,128800,133300,129745.5,1.2071171157116423,3.493788819875787,0.011998895622782271,0.03434141351440985,0.2357142857142857,0.6595238095238095,0.34730243161094226,1.0347302431610943
111,箱,normal,100,100,255033,255687,286493,274522.5,7.641952217948256,12.048324709508119,0.07364027625341955,0.11376006287092967,0.85,0.21666666666666667,0.3453125,1.03453125
112,ぴょんぴょん,matataki,100,100,26299,26368,28457,26695.0,1.5057606753108521,7.922481796116498,0.014945366305004435,0.07624302227520137,0.34523809523809523,0.3404761904761905,0.3428406084656085,1.0342840608465609
113,夢々幻,normal,100,100,181899,183247,186000,183874.5,1.0860422542180004,1.5023438310040493,0.0108018716964394,0.014911704158210496,0.2119047619047619,0.8785714285714286,0.3414535246412976,1.0341453524641298
114,Liaoning Itinere,normal,100,100,150204,151099,166561,154377.5,2.778554499214403,10.23302602929206,0.027406531449211922,0.09742635756798734,0.5595238095238095,0.24523809523809526,0.34101155255001414,1.0341011552550015
115,月盈ちる稲穂枝垂れて盃満ちる,normal,100,100,81965,82001,84901,82947.0,1.198072347953394,3.536542237289786,0.011909522738734826,0.034754429499105746,0.23095238095238096,0.6404761904761904,0.3394873796513141,1.0339487379651313
116,汚染世界,normal,100,100,104750,114851,129190,119502.0,14.083054892601421,12.484871703337364,0.1317565488309398,0.11764855286586601,0.9214285714285714,0.20714285714285718,0.33824593128390607,1.0338245931283907
117,Bloom Seeker,normal,100,100,64399,64599,66402,65100.0,1.0885262193512268,2.7910648771652724,0.010826444175086002,0.02752824571812253,0.21666666666666667,0.7023809523809523,0.33117443868739205,1.0331174438687392
118,ぴょんぴょんアスレ HARD,kuwaty,100,100,12462,12498,14001,12888.5,3.4224041084898182,12.025924147863654,0.03365142677912556,0.11356012412889827,0.6452380952380953,0.22142857142857142,0.32970957613814755,1.0329709576138149
119,ｱｯﾂｲﾕｶ,matataki,100,100,13950,14149,15713,14325.0,2.6881720430107503,11.053784719768188,0.026526754333428604,0.10484444499417954,0.5452380952380952,0.23571428571428577,0.32913763066202095,1.0329137630662022
120,Aequor,normal,100,100,110310,111805,125549,114548.0,3.8419000997189645,12.2928312687268,0.037699365141175015,0.11593983817756297,0.6928571428571428,0.21190476190476193,0.32454887218045114,1.032454887218045
121,Supreme Summer,normal,100,100,165800,166424,169950,167557.0,1.059710494571764,2.1186848050761986,0.010541349182984548,0.020965527386043483,0.20238095238095238,0.7833333333333333,0.321658615136876,1.0321658615136875
122,Alley,normal,100,100,37747,38101,38747,38144.5,1.0530638196412978,1.69549355659957,0.010475577240014442,0.01681280494010813,0.1976190476190476,0.8452380952380952,0.3203413785605566,1.0320341378560556
123,雪魄氷姿,normal,100,100,101250,101297,105552,102372.0,1.108148148148147,4.200519265131253,0.01102053172790948,0.04114692666934616,0.22142857142857142,0.5595238095238095,0.3172909407665505,1.031729094076655
124,NatureBiome,normal,100,100,651616,669593,755779,706704.5,8.45413556450425,12.871400985374692,0.08115718393259966,0.12107894028280128,0.8595238095238096,0.19285714285714284,0.3150290885585003,1.03150290885585
125,MEIKYU,matataki,100,100,38821,39160,40006,39229.5,1.0522655263903502,2.1603677221654793,0.010467677465639022,0.021373625202751587,0.19285714285714287,0.7785714285714286,0.3091386554621849,1.0309138655462184
126,虚無,normal,100,100,112018,114012,128391,116113.0,3.6556624828152584,12.611830333649099,0.035904282205302604,0.11877658932864299,0.6880952380952381,0.19761904761904758,0.3070532514080901,1.030705325140809
127,元祖NORMAL,normal,100,100,60199,62062,70128,63927.5,6.193624478811932,12.996680738616217,0.06009388786148855,0.12218825829827823,0.8166666666666667,0.1880952380952381,0.3057661927330174,1.0305766192733017
128,滝,matataki,100,100,17171,18700,21199,19525.0,13.709160794362596,13.363636363636356,0.12847378139408416,0.12543048689357447,0.9166666666666666,0.18333333333333335,0.3055555555555556,1.0305555555555554
129,White Flowers,normal,100,100,66500,66502,69810,67247.0,1.1233082706766817,4.974286487624435,0.011170460159671707,0.0485452435847811,0.2261904761904762,0.46904761904761905,0.30520221787345075,1.030520221787345
130,紅ノ狂劇,arena,100,100,98000,98409,110751,100918.0,2.9775510204081534,12.54153583513704,0.029340827228544007,0.11815217493953448,0.5976190476190476,0.20238095238095233,0.3023667800453514,1.0302366780045351
131,Mystique,normal,100,100,321109,322449,325101,324076.0,0.9239853133982567,0.8224556441483788,0.009197426832631847,0.008190919086182647,0.17857142857142858,0.9547619047619048,0.3008703481392557,1.0300870348139255
132,Waza02,waza,100,100,98433,98608,109016,100142.5,1.7367143132892338,10.55492454973228,0.017218057949800362,0.10034226622763238,0.3880952380952381,0.2404761904761905,0.2969516594516595,1.0296951659451659
133,Feel Nature,normal,100,100,205396,205572,210303,207433.5,0.9919862120002287,2.301383456891015,0.009870983269590534,0.02275301040581876,0.18333333333333332,0.769047619047619,0.2960833333333333,1.0296083333333332
134,シンプルバイオームアスレチック,kuwaty,100,100,451058,464337,526631,478357.0,6.05221501447708,13.415687313309089,0.05876138131534351,0.12588953183420498,0.8071428571428572,0.1785714285714286,0.2924430641821947,1.0292443064182195
135,Waza01,waza,100,100,91200,91384,95880,92167.0,1.060307017543849,4.919898450494609,0.010547251843982003,0.04802700113453757,0.20714285714285716,0.4833333333333333,0.29000000000000004,1.029
136,アストレイ,normal,100,100,56551,56751,58849,57124.0,1.0132446817916474,3.696851156807801,0.010081457718948472,0.03630156385683707,0.1880952380952381,0.6261904761904762,0.2892926761347814,1.0289292676134782
137,тw⇡sтed CloveR＊,normal,100,100,65701,65750,67055,66303.0,0.9162722028584147,1.9847908745247222,0.009120998962012674,0.01965350710502961,0.16904761904761906,0.8071428571428572,0.27954703832752614,1.0279547038327526
138,runner_clay,normal,100,100,104938,105270,120157,110454.0,5.256437134307879,14.141730787498808,0.05122944512515461,0.1322707427298657,0.7690476190476191,0.169047619047619,0.2771694464587865,1.0277169446458787
139,イモムシTA,matataki,100,100,16197,16297,16551,16344.5,0.9106624683583364,1.5585690617905046,0.00906540940940255,0.015465481164551613,0.16428571428571428,0.8642857142857143,0.2760912698412698,1.027609126984127
140,scent of yesterday,normal,100,100,53700,53899,54500,54174.0,0.8826815642458019,1.1150485166700586,0.008788087038578045,0.011088776802049286,0.1595238095238095,0.9357142857142857,0.27257763975155275,1.0272577639751552
141,ブルブル,matataki,100,100,31042,31600,36400,32524.5,4.775787642548801,15.189873417721511,0.046652525261252166,0.14141165404982847,0.7261904761904762,0.16428571428571426,0.26795263559969434,1.0267952635599695
142,ジャングルジム-シラカバ-,kuwaty,100,100,25500,25845,29385,26186.0,2.6901960784313728,13.697040046430642,0.026546464641181083,0.1283671814166111,0.55,0.17380952380952386,0.2641447368421053,1.0264144736842105
143,ペコペコ,matataki,100,100,14448,14498,14700,14573.0,0.8651716500553741,1.3932956269830266,0.00861450487693002,0.013836784906004542,0.15476190476190477,0.888095238095238,0.26358991085018485,1.0263589910850184
144,四季バイオーム,normal,100,100,195550,199219,229590,205706.0,5.19355663513168,15.245031849371804,0.05063186372426062,0.14189038736186574,0.7452380952380953,0.1595238095238095,0.26279448621553886,1.0262794486215538
145,スルスル,matataki,100,100,9850,9952,11483,10723.0,8.862944162436559,15.3838424437299,0.08491951205401119,0.1430941447972286,0.8690476190476191,0.15476190476190477,0.2627353266888151,1.0262735326688814
146,爆風アスレチック1,normal,100,100,42147,52355,60502,54428.0,29.13849147033003,15.561073440932095,0.2557152197909879,0.1446289786022113,0.9833333333333333,0.15000000000000002,0.26029411764705884,1.026029411764706
147,Legacy,normal,100,100,18950,19049,20101,19125.0,0.923482849604218,5.522599611528167,0.009192448184164145,0.0537549583146981,0.1738095238095238,0.4547619047619048,0.25149711399711405,1.0251497113997114
148,EXーLabyrinth,normal,100,100,68307,68596,69699,68877.0,0.8344679169045577,1.607965479036677,0.008310054819865999,0.01595174646735991,0.14523809523809525,0.8595238095238096,0.2484879259760777,1.0248487925976077
149,ビル--水--,kuwaty,100,100,31104,32251,37310,32828.5,5.544302983539096,15.68633530743233,0.053960612273898506,0.14571233672007744,0.7785714285714286,0.14523809523809528,0.24480854197349047,1.0244808541973491
150,Waza03,waza,100,100,111449,114165,132706,116186.0,4.250374610808527,16.24052905881839,0.04162526807341387,0.1504913846986987,0.7071428571428572,0.14047619047619042,0.23439004815409303,1.0234390048154094
151,Valley Camp,normal,100,100,56951,56961,59516,57427.5,0.8366841670910174,4.485525183897754,0.008332033671711163,0.043878360836063245,0.15,0.5357142857142857,0.23437499999999997,1.0234375
152,バイアスバイオーム,normal,100,100,840113,852429,994971,887320.5,5.619184562076773,16.721861879405786,0.054669840773075656,0.15462366977335365,0.7833333333333333,0.13571428571428568,0.23134715025906732,1.0231347150259067
153,ひよちゃんアスレ,normal,100,100,97946,98323,101777,98712.0,0.7820635860576131,3.512911526295981,0.007790213201359634,0.034526167983155165,0.14047619047619048,0.65,0.23102409638554217,1.0231024096385541
154,Destinature,normal,100,100,97600,97899,99399,98321.5,0.7392418032786896,1.5321913400545562,0.007365228028296126,0.015205718270049866,0.13095238095238096,0.8738095238095238,0.22777025502143988,1.022777025502144
155,Dig Mirage,normal,100,100,74899,75347,76253,75438.5,0.7203033418336613,1.202436726080669,0.00717721547731797,0.011952648896350912,0.1261904761904762,0.9166666666666666,0.22184170471841708,1.0221841704718417
156,ぐるんとはしご登り,matataki,100,100,20400,20458,23900,21127.0,3.563725490196079,16.824714048294066,0.03501694246792691,0.15550445490264933,0.669047619047619,0.13095238095238093,0.2190334467120181,1.0219033446712018
157,マンションアスレチック,normal,100,100,61903,62057,72597,65562.0,5.910860539876905,16.984385323170635,0.05742761603395703,0.1568702811269305,0.7976190476190477,0.1261904761904762,0.21790623465881198,1.0217906234658811
158,GABA2,normal,100,100,66847,66900,67901,67326.5,0.7173096773228416,1.496263079222726,0.007147492483025385,0.01485179486251931,0.12142857142857143,0.8833333333333333,0.21350710900473932,1.021350710900474
159,ミニバイオームアスレチック,normal,100,100,192845,193275,202499,194334.0,0.7721226892063671,4.772474453498909,0.0076915707762826345,0.04662090305625722,0.1357142857142857,0.4928571428571429,0.21282467532467533,1.0212824675324674
160,short cave,normal,100,100,117037,122696,144240,123129.0,5.205191520630237,17.558844624111636,0.050742462153314044,0.16176882754658323,0.7547619047619047,0.12142857142857144,0.20920031055900623,1.0209200310559006
161,GABA,normal,100,100,90552,90799,92206,91194.5,0.7095370615778807,1.5495765371865255,0.007070316914081549,0.015376932036368345,0.11666666666666667,0.8690476190476191,0.20571658615136876,1.020571658615137
162,Waza04,waza,100,100,156567,157027,185545,167713.0,7.1189969789291485,18.161207945130453,0.06877015182344044,0.1668796751442756,0.8357142857142857,0.1166666666666667,0.20475000000000004,1.020475
163,ウォーターパーク,normal,100,100,59861,61046,72228,68747.5,14.845224770718835,18.317334469088877,0.13841516431762038,0.16820010400897362,0.9357142857142857,0.1071428571428571,0.19227005870841482,1.0192270058708415
164,くるるん,matataki,100,100,16969,16998,17201,17077.5,0.6394012611232291,1.194258148017413,0.0063736576331783305,0.011871831587819319,0.10714285714285714,0.9261904761904762,0.1920671494404213,1.019206714944042
165,カラフル迷路,other,100,100,338306,338702,350108,340629.0,0.686656458945456,3.367562045692085,0.00684309710092719,0.0331210135767499,0.11190476190476191,0.6642857142857144,0.19154250657318142,1.0191542506573181
166,Undersea road,normal,100,100,62700,62851,64152,63099.0,0.6363636363636349,2.0699750202860745,0.0063434739221749515,0.02048842169608237,0.10238095238095238,0.7928571428571428,0.1813449848024316,1.0181344984802432
167,challenge2,challenge,100,100,100672,101982,120505,102691.5,2.0060195486331756,18.16300915847895,0.019861640737530523,0.16689491872253098,0.4357142857142857,0.11190476190476195,0.17807453416149074,1.017807453416149
168,challenge3,challenge,100,100,179378,187844,229264,200720.5,11.898058847796268,22.050211877941273,0.11241808197464331,0.19926234684233501,0.9023809523809524,0.0976190476190476,0.17617913832199544,1.0176179138321995
169,元祖EASY,normal,100,100,47169,47217,47864,47467.0,0.6317708664589139,1.3702691827096158,0.006297835600769893,0.013609658850157084,0.09761904761904762,0.8928571428571429,0.1759958791208791,1.0175995879120878
170,ミスディレクション,matataki,100,100,24700,24700,25022,24850.5,0.6093117408906945,1.3036437246963573,0.0060746294306333005,0.012952194261276763,0.09285714285714286,0.8976190476190476,0.16830357142857144,1.0168303571428572
171,Divinia,normal,100,100,313554,330758,406392,349232.5,11.378741779725331,22.866869433241234,0.10776629546503151,0.20593122087583698,0.888095238095238,0.09285714285714286,0.16813453536754508,1.0168134535367546
172,challenge10,challenge,100,100,108214,111182,137808,117686.5,8.753488458055326,23.948121098739005,0.08391356124144266,0.21469291383637687,0.8642857142857143,0.08809523809523812,0.15989285714285717,1.0159892857142858
173,えれベータ,matataki,100,100,15919,16001,19157,16149.5,1.4479552735724655,19.723767264545966,0.014375725064081727,0.18001696379622636,0.32142857142857145,0.10238095238095235,0.15529695024077042,1.015529695024077
174,Variety_Parkour_3,normal,100,100,107187,107501,111996,107838.5,0.6078162463731607,4.181356452498108,0.006059764945362881,0.040963006521577375,0.0880952380952381,0.569047619047619,0.15257073844030367,1.0152570738440303
175,Waza07,waza,100,100,184434,190244,238457,206200.5,11.801782751553391,25.34271777296524,0.11155732050517712,0.22588154177876396,0.8928571428571429,0.08333333333333337,0.15243902439024398,1.0152439024390243
176,DIVE into SUMMER!!!!!,normal,100,100,83548,83701,85352,84048.5,0.5990568296069254,1.9724973417282854,0.005972696182374241,0.019532957033798128,0.08333333333333333,0.8119047619047619,0.15115248226950354,1.0151152482269503
177,バイオームミックス,normal,100,100,448597,538588,676484,585246.0,30.461416371487093,25.603244038114468,0.26590733707002073,0.22795789604139824,0.9880952380952381,0.07857142857142863,0.14556760204081642,1.0145567602040817
178,Cs cluster amaryllis,normal,100,100,29151,29300,29501,29300.0,0.5111316935954235,0.6860068259385566,0.005098298497610058,0.006836645053302606,0.07857142857142857,0.969047619047619,0.14535714285714282,1.0145357142857143
179,ブレイブ・メン・ロード,normal,100,100,25347,25441,25630,25473.5,0.49907286858406064,0.7428953264415616,0.004978316280268461,0.007401494500503736,0.07380952380952381,0.9595238095238096,0.13707482993197279,1.0137074829931974
180,Archaic arcade,normal,100,100,284459,288558,364791,337609.5,18.684766521713136,26.418605618281244,0.17130077143315842,0.23442848123950807,0.9547619047619048,0.07380952380952377,0.1370260141093474,1.0137026014109347
181,つるつる,matataki,100,100,57821,57949,58700,58100.5,0.48338838830181974,1.2959671435227582,0.004822238180557723,0.01287641345257357,0.06904761904761905,0.9023809523809524,0.1282796451914099,1.012827964519141
182,運ゲー,matataki,100,100,43299,43397,55055,46758.5,7.989791912053401,26.863608083508073,0.07686651733605582,0.23794237127236148,0.8547619047619047,0.06904761904761902,0.1277736867943053,1.0127773686794306
183,challenge4,challenge,100,100,110851,111648,142024,123010.0,10.96877790908517,27.206936084838063,0.1040786956592444,0.24064499240013293,0.8833333333333333,0.06428571428571428,0.11984924623115577,1.0119849246231156
184,Victors,normal,100,100,96650,96701,98402,97100.0,0.46559751681325423,1.7590304133359602,0.0046451696429394285,0.017437385387493613,0.06428571428571428,0.8357142857142857,0.1193877551020408,1.011938775510204
185,Harmonics,normal,100,100,20199,20248,20298,20286.0,0.4307143918015788,0.24693796918213717,0.004297894722550463,0.0024663357838034528,0.05952380952380952,0.9928571428571429,0.11231415643180348,1.0112314156431803
186,Childing,normal,100,100,215136,227124,294671,237819.5,10.543795552580693,29.740141948891363,0.1002415962901869,0.2603633558989739,0.8785714285714286,0.059523809523809534,0.11149383611312548,1.0111493836113126
187,Atlantis,normal,100,100,75299,75500,75747,75598.5,0.39774764605107205,0.3271523178807856,0.003969587213623712,0.0032661833898458277,0.05476190476190476,0.9880952380952381,0.10377255925201131,1.0103772559252011
188,Intermediate Course,normal,100,100,47373,53327,69834,56109.5,18.44193950140376,30.954300823222745,0.16925269250301517,0.26967822767351646,0.95,0.05476190476190479,0.1035545023696683,1.010355450236967
189,夕景と終末のエピローグ,normal,100,100,89702,89948,90800,90057.0,0.39575483266816036,0.9472139458353679,0.003949737832459714,0.009427560032661042,0.05,0.9452380952380952,0.09497607655502392,1.0094976076555024
190,Waza06,waza,100,100,177549,188283,247107,205900.5,15.968267914772817,31.242332021478305,0.14814641523711958,0.2718752910834711,0.9404761904761905,0.050000000000000044,0.09495192307692316,1.0094951923076922
191,Fantasia,normal,100,100,74467,74550,75102,74712.5,0.32967623242510236,0.7404426559356247,0.0032913399176618457,0.007377148363194134,0.04523809523809524,0.9642857142857143,0.08642183288409705,1.0086421832884096
192,challenge5,challenge,100,100,98873,101849,135150,112827.0,14.113054119931622,32.696442773124915,0.1320194738004569,0.28289394845817595,0.9261904761904762,0.04523809523809519,0.08626283846872072,1.008626283846872
193,ビル--蜘蛛の巣--,kuwaty,100,100,33907,34644,46706,35362.0,4.291149320199361,34.816995727975986,0.042016314510035485,0.29874808561063654,0.7119047619047619,0.04047619047619044,0.0765973477998794,1.007659734779988
194,60mとんとん走,matataki,100,100,3190,3195,3382,3199.5,0.29780564263321985,5.852895148669801,0.0029736308006246054,0.05688016264689047,0.04047619047619048,0.430952380952381,0.074001924001924,1.0074001924001923
195,新人バイオーム,normal,100,100,1383053,1394135,1904083,1742757.0,26.007969325832047,36.57809322626575,0.23117496758099182,0.3117263765912388,0.9738095238095238,0.0357142857142857,0.06890161725067383,1.0068901617250674
196,Mining Athletic,normal,100,100,124297,124301,127255,124653.5,0.2868130365173638,2.376489328323994,0.002864025126976773,0.023486903852940843,0.03571428571428571,0.7547619047619047,0.0682013769363167,1.0068201376936317
197,challenge9,challenge,100,100,184506,191972,277551,223160.5,20.950267199982655,44.57889692246786,0.19020926024270726,0.3686551720243686,0.9642857142857143,0.030952380952380953,0.05997949419002051,1.0059979494190021
198,Tasty sweets 2,normal,100,100,82451,82452,83504,82647.5,0.23832336781846042,1.2758938533934838,0.002380398280851572,0.01267822906411814,0.030952380952380953,0.9071428571428571,0.059862218999274845,1.0059862218999276
199,Tasty sweets,normal,100,100,93700,93749,94799,93921.5,0.2363927427961654,1.1200119467940972,0.0023611377470564828,0.011137862555169051,0.02619047619047619,0.930952380952381,0.050947642738687515,1.0050947642738688
200,飛べないんご,kuwaty,100,100,36798,36848,53554,37548.0,2.0381542475134573,45.33760312635693,0.020176618602843772,0.3738891475710652,0.44047619047619047,0.02619047619047621,0.04944120505344998,1.004944120505345
201,Waza10,waza,100,100,254350,288372,454239,373797.0,46.9616669942992,57.51841371561732,0.38500159803829953,0.454372177923975,0.9976190476190476,0.021428571428571463,0.04195594125500675,1.0041955941255007
202,SiLenT,normal,100,100,63098,63101,63401,63175.0,0.12203239405368382,0.4754282816437083,0.001219579950487981,0.004743016907321942,0.02142857142857143,0.9833333333333333,0.04194312796208531,1.0041943127962085
203,柵くぐり,matataki,100,100,45450,45456,45742,45498.5,0.10671067106711174,0.6291798662442893,0.001066537757025334,0.00627208793133541,0.016666666666666666,0.9738095238095238,0.0327724358974359,1.0032772435897437
204,雪なる標,normal,100,100,42601,46246,73604,48244.0,13.246167930330266,59.157548760973924,0.12439374054278214,0.464724398352352,0.9119047619047619,0.01666666666666672,0.03273504273504284,1.0032735042735044
205,かなかなセクション,hard,100,100,83846,86771,139893,107806.5,28.57679555375332,61.220914821772254,0.2513561706055423,0.4776053802202772,0.9785714285714285,0.011904761904761862,0.023523351648351565,1.0023523351648351
206,ぴょんぴょんアスレ NORMAL,kuwaty,100,100,7443,7450,7800,7450.0,0.09404809888486909,4.697986577181212,0.0009400390136946106,0.04590970130407795,0.011904761904761904,0.5071428571428571,0.02326343381389253,1.0023263433813892
207,黄泉の国,normal,100,100,29997,29998,30055,30022.0,0.08334166750008087,0.19001266751117463,0.0008330695761623094,0.0018983237179577236,0.007142857142857143,0.9976190476190476,0.014184157075152335,1.0014184157075152
208,Waza05,waza,100,100,124399,126770,206247,155979.5,25.386458090499108,62.6938550130157,0.22623044667048198,0.48670005870382343,0.969047619047619,0.0071428571428571175,0.014181184668989497,1.0014181184668989
209,輝く洞窟,kuwaty,100,100,13751,14349,25302,19799.5,43.98589193513198,76.33284549445953,0.36454513611557887,0.5672031906262082,0.9928571428571429,0.0023809523809523725,0.00475051264524947,1.0004750512645249
210,ぴょんぴょんアスレ EASY,kuwaty,100,100,9199,9199,9250,9200.0,0.01087074682031286,0.554408087835645,0.0001087015599744822,0.005528769029313725,0.002380952380952381,0.9785714285714285,0.004750346740638003,1.0004750346740638
