course_name,category,course_record_time_ms,holder_uuids,holder_names
"""HELLO, THE COMPUTER WORLD!""_",normal,280824,535b12a3-f0c4-4013-8a1f-322cff01059d,Natting0621
5thタワー,kuwaty,60995,463ac650-c7f4-4839-8719-ebbf4a51731d,yukked0n
60mとんとん走,matataki,3172,df9bfd57-bff7-44fa-937e-3495e6fdb183,xylophin
Aequor,normal,110310,5992da11-a4fe-4140-91ec-aa08ba24810b,Hopping_babaa
Alley,normal,37747,f1ed67e2-63da-497d-b171-9d2a2c6b2034,megusurikirai
Alticlus,normal,243855,df9bfd57-bff7-44fa-937e-3495e6fdb183,xylophin
Annus novus,normal,91306,75ea9ff7-90c1-4cd0-9455-b04adf700a1a,kouki711
Archaic arcade,normal,284459,5992da11-a4fe-4140-91ec-aa08ba24810b,Hopping_babaa
Athletic Memory,normal,177851,75ea9ff7-90c1-4cd0-9455-b04adf700a1a,kouki711
Athletic Starter Road,normal,145851,109801dd-a044-425d-9de7-10236de5445f,grechan0126
Athletic_VOXXXX,normal,215809,3355e2e2-dde1-49ab-a1ea-feb3a943b54e,Haduki827
Atlantis,normal,75299,a61f7017-f780-4a6c-8b0c-461bd12602fc,Sasterisk24
BigBiome,normal,503594,43399ca2-bdbc-4c7a-b83e-da7efe957507,zekaYANENsaikyou
BiomesIsland,normal,761005,bfb75c87-ae3e-434f-b8a2-9cf60882e866,Reimif
Bloom Seeker,normal,64399,54dc22eb-f725-4959-9871-7f2e0831a215,lqtic
Bornament,normal,75702,a61f7017-f780-4a6c-8b0c-461bd12602fc,Sasterisk24
Canyon Path,normal,306165,75ea9ff7-90c1-4cd0-9455-b04adf700a1a,kouki711
Caves.,normal,72702,109801dd-a044-425d-9de7-10236de5445f,grechan0126
Chaterno,normal,239849,a61f7017-f780-4a6c-8b0c-461bd12602fc,Sasterisk24
Childing,normal,214665,6e045cde-e21b-4cad-8308-b1bd53b38379,lolonya8
Circular world,normal,171401,bfb75c87-ae3e-434f-b8a2-9cf60882e866,Reimif
ColorTunnel,normal,159582,463ac650-c7f4-4839-8719-ebbf4a51731d,yukked0n
Colorless_Planet,normal,102551,2b29e3f5-5656-4e90-996b-f69ac8a05fff,Xx_Omochi_xX
Country Messenger,normal,80948,6916473f-9f5c-44f7-adbd-999795c02fd2,hobby9930
Cs cluster amaryllis,normal,29151,5992da11-a4fe-4140-91ec-aa08ba24810b,Hopping_babaa
DIVE into SUMMER!!!!!,normal,83548,75ea9ff7-90c1-4cd0-9455-b04adf700a1a,kouki711
Destinature,normal,97600,2b29e3f5-5656-4e90-996b-f69ac8a05fff,Xx_Omochi_xX
Dig Mirage,normal,74899,f98a08ef-70d1-4082-b1b9-b4b7fbbaf04e,cresc28
Dimension//Endroll,normal,196603,bfb75c87-ae3e-434f-b8a2-9cf60882e866,Reimif
Divinia,normal,313554,463ac650-c7f4-4839-8719-ebbf4a51731d,yukked0n
EXーLabyrinth,normal,68307,fe7e2f10-673a-4c92-a984-05a25a5c26e2,ERinZin
Effect Challenge,kuwaty,50284,f86558b2-0776-45f9-a158-a519bcbca651,_Ekidona
Electronic Escape,normal,98251,463ac650-c7f4-4839-8719-ebbf4a51731d,yukked0n
Elementary_course,normal,93849,f98a08ef-70d1-4082-b1b9-b4b7fbbaf04e,cresc28
End Maverick,normal,77702,5992da11-a4fe-4140-91ec-aa08ba24810b,Hopping_babaa
Escape from U.L.,normal,439868,3355e2e2-dde1-49ab-a1ea-feb3a943b54e,Haduki827
Fantasia,normal,74467,c4cdc4a1-6026-4691-9a8e-cf227f10eded,sasas_
Feel Nature,normal,204651,6916473f-9f5c-44f7-adbd-999795c02fd2,hobby9930
GABA,normal,90552,463ac650-c7f4-4839-8719-ebbf4a51731d,yukked0n
GABA2,normal,66847,6198f611-cc03-487a-897d-86d377d9b7b5,AKAsen3714
GABA3,normal,112090,2c3b56ae-d81c-4fa7-bfdb-2845aa766c57,yuio_123
GoNiGoNi_Level`s_1,normal,50366,2b29e3f5-5656-4e90-996b-f69ac8a05fff,Xx_Omochi_xX
GoNiGoNi_Level`s_2,normal,101699,463ac650-c7f4-4839-8719-ebbf4a51731d,yukked0n
GoNiGoNi_Level`s_3,normal,76935,463ac650-c7f4-4839-8719-ebbf4a51731d,yukked0n
Happy Flavor!,normal,95850,463ac650-c7f4-4839-8719-ebbf4a51731d,yukked0n
Harmonics,normal,20199,a61f7017-f780-4a6c-8b0c-461bd12602fc,Sasterisk24
IDEA,normal,104908,463ac650-c7f4-4839-8719-ebbf4a51731d,yukked0n
Imagination,normal,86147,f98a08ef-70d1-4082-b1b9-b4b7fbbaf04e,cresc28
Intermediate Course,normal,47373,aa72b302-e307-439a-b38e-08db49180cf0,Tat_tata33
Jungle Maze,normal,61561,38418f95-eef8-466a-863c-4729571f8b39,Hopping_OreYANEN
LONG BIOME,normal,513907,43399ca2-bdbc-4c7a-b83e-da7efe957507,zekaYANENsaikyou
Laberinto de Garrulus,normal,75151,bfb75c87-ae3e-434f-b8a2-9cf60882e866,Reimif
Legacy,normal,18950,463ac650-c7f4-4839-8719-ebbf4a51731d,yukked0n
Liaoning Itinere,normal,150204,fe7e2f10-673a-4c92-a984-05a25a5c26e2,ERinZin
Liar Truth,other,28400,f86558b2-0776-45f9-a158-a519bcbca651,_Ekidona
LonelySomedayMemory,normal,78749,f98a08ef-70d1-4082-b1b9-b4b7fbbaf04e,cresc28
MEIKYU,matataki,38821,463ac650-c7f4-4839-8719-ebbf4a51731d,yukked0n
Mad Junkie :D,normal,82644,5992da11-a4fe-4140-91ec-aa08ba24810b,Hopping_babaa
Metalic Gear,normal,101750,38418f95-eef8-466a-863c-4729571f8b39,Hopping_OreYANEN
Mining Athletic,normal,124297,bfb75c87-ae3e-434f-b8a2-9cf60882e866,Reimif
My Archive,normal,358802,109801dd-a044-425d-9de7-10236de5445f,grechan0126
Mystique,normal,321109,f98a08ef-70d1-4082-b1b9-b4b7fbbaf04e,cresc28
NatureBiome,normal,651616,09eae9ce-845a-4a57-a0bf-1ced6ef27f38,9News
Neophyte Biome,normal,397451,75ea9ff7-90c1-4cd0-9455-b04adf700a1a,kouki711
Neotech Android,normal,109300,f98a08ef-70d1-4082-b1b9-b4b7fbbaf04e,cresc28
Not found.,normal,93587,c4cdc4a1-6026-4691-9a8e-cf227f10eded,sasas_
Obserath,normal,299236,4ed7f7a3-c175-45ee-9c61-71e309d97a3a,kitakuyasan
Octologue templum,normal,94803,75ea9ff7-90c1-4cd0-9455-b04adf700a1a,kouki711
Sanctuary,arena,82345,5992da11-a4fe-4140-91ec-aa08ba24810b,Hopping_babaa
Screw Biome,normal,313302,75ea9ff7-90c1-4cd0-9455-b04adf700a1a,kouki711
SiLenT,normal,63098,bfb75c87-ae3e-434f-b8a2-9cf60882e866,Reimif
Spooky,normal,63600,f98a08ef-70d1-4082-b1b9-b4b7fbbaf04e,cresc28
Stare,normal,91649,f98a08ef-70d1-4082-b1b9-b4b7fbbaf04e,cresc28
Supreme Summer,normal,165800,463ac650-c7f4-4839-8719-ebbf4a51731d,yukked0n
Tasty sweets,normal,93700,6916473f-9f5c-44f7-adbd-999795c02fd2,hobby9930
Tasty sweets 2,normal,82451,75ea9ff7-90c1-4cd0-9455-b04adf700a1a,kouki711
Title,normal,37549,5992da11-a4fe-4140-91ec-aa08ba24810b,Hopping_babaa
Ultra Niwatori Planet,normal,347128,535b12a3-f0c4-4013-8a1f-322cff01059d,Natting0621
Undersea road,normal,62700,a61f7017-f780-4a6c-8b0c-461bd12602fc,Sasterisk24
Valley Camp,normal,56951,463ac650-c7f4-4839-8719-ebbf4a51731d,yukked0n
Variety_Parkour,normal,137843,75ea9ff7-90c1-4cd0-9455-b04adf700a1a,kouki711
Variety_Parkour_2,normal,128198,bfb75c87-ae3e-434f-b8a2-9cf60882e866,Reimif
Variety_Parkour_3,normal,107187,75ea9ff7-90c1-4cd0-9455-b04adf700a1a,kouki711
Vestige,normal,346737,5164989e-0581-488e-ac28-43ea7b333d53,PASUTAFETTUCCINE
Victors,normal,96650,75ea9ff7-90c1-4cd0-9455-b04adf700a1a,kouki711
Viola,normal,83647,75ea9ff7-90c1-4cd0-9455-b04adf700a1a,kouki711
Waza01,waza,91200,bfb75c87-ae3e-434f-b8a2-9cf60882e866,Reimif
Waza02,waza,98433,75ea9ff7-90c1-4cd0-9455-b04adf700a1a,kouki711
Waza03,waza,111449,75ea9ff7-90c1-4cd0-9455-b04adf700a1a,kouki711
Waza04,waza,156567,75ea9ff7-90c1-4cd0-9455-b04adf700a1a,kouki711
Waza05,waza,124399,463ac650-c7f4-4839-8719-ebbf4a51731d,yukked0n
Waza06,waza,177549,75ea9ff7-90c1-4cd0-9455-b04adf700a1a,kouki711
Waza07,waza,184434,75ea9ff7-90c1-4cd0-9455-b04adf700a1a,kouki711
Waza10,waza,254350,4f9fcaa5-8632-46a2-bcdc-d274a7971f10,Latvia
Whaels herd,normal,57850,6916473f-9f5c-44f7-adbd-999795c02fd2,hobby9930
White Flowers,normal,66500,bfb75c87-ae3e-434f-b8a2-9cf60882e866,Reimif
Winter World,normal,58454,75ea9ff7-90c1-4cd0-9455-b04adf700a1a,kouki711
Wood and Cave and...,normal,156101,463ac650-c7f4-4839-8719-ebbf4a51731d,yukked0n
Zenith,normal,495911,75ea9ff7-90c1-4cd0-9455-b04adf700a1a,kouki711
Zhanlue,normal,67702,5992da11-a4fe-4140-91ec-aa08ba24810b,Hopping_babaa
calm,normal,49750,38418f95-eef8-466a-863c-4729571f8b39,Hopping_OreYANEN
challenge1,challenge,91774,198116c5-2db9-4011-bd09-4c88444aec1b,Uruu02
challenge10,challenge,108214,75ea9ff7-90c1-4cd0-9455-b04adf700a1a,kouki711
challenge2,challenge,100672,463ac650-c7f4-4839-8719-ebbf4a51731d,yukked0n
challenge3,challenge,179378,463ac650-c7f4-4839-8719-ebbf4a51731d,yukked0n
challenge4,challenge,110851,463ac650-c7f4-4839-8719-ebbf4a51731d,yukked0n
challenge5,challenge,98873,3355e2e2-dde1-49ab-a1ea-feb3a943b54e,Haduki827
challenge9,challenge,184506,5992da11-a4fe-4140-91ec-aa08ba24810b,Hopping_babaa
corrosion of the slime,normal,204752,463ac650-c7f4-4839-8719-ebbf4a51731d,yukked0n
daydream planet,normal,66498,f98a08ef-70d1-4082-b1b9-b4b7fbbaf04e,cresc28
dungeon of ruins,normal,87047,75ea9ff7-90c1-4cd0-9455-b04adf700a1a,kouki711
flashback,normal,68999,5992da11-a4fe-4140-91ec-aa08ba24810b,Hopping_babaa
ksk,matataki,8600,af4c695a-842f-4ebf-802d-73967c21d4db,malklera
miniascape of sea,normal,270843,f1ed67e2-63da-497d-b171-9d2a2c6b2034,megusurikirai
runner_clay,normal,104938,bfb75c87-ae3e-434f-b8a2-9cf60882e866,Reimif
scent of yesterday,normal,53700,f1ed67e2-63da-497d-b171-9d2a2c6b2034,megusurikirai
short cave,normal,117037,a61f7017-f780-4a6c-8b0c-461bd12602fc,Sasterisk24
slowly melt,normal,84904,109801dd-a044-425d-9de7-10236de5445f,grechan0126
тw⇡sтed CloveR＊,normal,65701,463ac650-c7f4-4839-8719-ebbf4a51731d,yukked0n
えれベータ,matataki,15919,a7cfc2e9-bc40-4668-83bb-aeb1b0667935,Eel_Ken
かなかなセクション,hard,83846,4ed7f7a3-c175-45ee-9c61-71e309d97a3a,kitakuyasan
くるるん,matataki,16969,14065a1e-1f1e-41c5-a955-94c4d22249f9,Awa9999
ぐるんとはしご登り,matataki,20400,a8e47fdd-b23b-421f-ab12-2031c934a6a2,kqnqsimi
つるつる,matataki,57821,a8e47fdd-b23b-421f-ab12-2031c934a6a2,kqnqsimi
てけちゃんアスレ,kuwaty,47287,463ac650-c7f4-4839-8719-ebbf4a51731d,yukked0n
でこぼこ,matataki,13006,a8833f54-0a23-4f91-aca3-195b7314160c,M0NIT0R
にょろにょろ,matataki,18900,2b29e3f5-5656-4e90-996b-f69ac8a05fff,Xx_Omochi_xX
はしごくだり,matataki,11395,552b93c9-e83e-4d46-a1cf-d9352cb556ea,k8w
はしご邪魔やねん,matataki,22150,a61f7017-f780-4a6c-8b0c-461bd12602fc,Sasterisk24
ひよちゃんアスレ,normal,97946,c4cdc4a1-6026-4691-9a8e-cf227f10eded,sasas_
ぴょんぴょん,matataki,26299,b3d6ca94-3f4c-4275-aadb-2011ee3fe724,sou53
ぴょんぴょんアスレ EASY,kuwaty,9199,c4cdc4a1-6026-4691-9a8e-cf227f10eded|f86558b2-0776-45f9-a158-a519bcbca651,_Ekidona|sasas_
ぴょんぴょんアスレ HARD,kuwaty,12462,0c011835-e939-42bd-a9c4-b3e98bba858c,yuupoccha
ぴょんぴょんアスレ NORMAL,kuwaty,7443,351abfb1-471b-43f7-ad47-909c76077542,koburei
ゆらゆら,matataki,17656,4ed7f7a3-c175-45ee-9c61-71e309d97a3a,kitakuyasan
アストレイ,normal,56551,6e045cde-e21b-4cad-8308-b1bd53b38379,lolonya8
アスレチックビル,normal,462400,f1ed67e2-63da-497d-b171-9d2a2c6b2034,megusurikirai
イモムシTA,matataki,16197,14065a1e-1f1e-41c5-a955-94c4d22249f9,Awa9999
ウォーターパーク,normal,59861,c4cdc4a1-6026-4691-9a8e-cf227f10eded,sasas_
エンドアタック,normal,104998,2b29e3f5-5656-4e90-996b-f69ac8a05fff,Xx_Omochi_xX
カイﾀﾞﾝﾀﾞﾝ,matataki,16553,db771d48-e640-41f4-8a25-cee21e630081,kyabetutarou0613
カラフル迷路,other,338306,a8e47fdd-b23b-421f-ab12-2031c934a6a2,kqnqsimi
ゴンゴン,matataki,9079,198116c5-2db9-4011-bd09-4c88444aec1b,Uruu02
サイド,matataki,32750,463ac650-c7f4-4839-8719-ebbf4a51731d,yukked0n
シュルシュル,matataki,24299,a8e47fdd-b23b-421f-ab12-2031c934a6a2,kqnqsimi
シンプルバイオームアスレチック,kuwaty,451058,4ed7f7a3-c175-45ee-9c61-71e309d97a3a,kitakuyasan
ジャングルジム-オーク-,kuwaty,14459,198116c5-2db9-4011-bd09-4c88444aec1b,Uruu02
ジャングルジム-シラカバ-,kuwaty,25500,f98a08ef-70d1-4082-b1b9-b4b7fbbaf04e,cresc28
ジャングルジム-マツ-,kuwaty,24604,4e67f50a-d3cd-40f1-a080-4bc173fcc31e,soorudo
スルスル,matataki,9850,c4cdc4a1-6026-4691-9a8e-cf227f10eded,sasas_
ツリーアスレ,normal,26649,463ac650-c7f4-4839-8719-ebbf4a51731d,yukked0n
テクニックコース,matataki,21245,6198f611-cc03-487a-897d-86d377d9b7b5,AKAsen3714
バイアスバイオーム,normal,840113,8c8b7883-de1c-41e8-98b5-43de71a9cb32,zonale
バイオームミックス,normal,448597,09eae9ce-845a-4a57-a0bf-1ced6ef27f38,9News
バイオームロード,normal,737343,463ac650-c7f4-4839-8719-ebbf4a51731d,yukked0n
パラレルバイオーム,normal,217552,463ac650-c7f4-4839-8719-ebbf4a51731d,yukked0n
ヒューストン,matataki,12675,c4cdc4a1-6026-4691-9a8e-cf227f10eded,sasas_
ビル--水--,kuwaty,31104,5992da11-a4fe-4140-91ec-aa08ba24810b,Hopping_babaa
ビル--蜘蛛の巣--,kuwaty,33907,6e045cde-e21b-4cad-8308-b1bd53b38379,lolonya8
ビル--隙間--,kuwaty,18102,c41fd0eb-3b01-468c-bb40-0f6386fd7af4,NoB1maru
ブルブル,matataki,30851,6fde48a1-e96a-4457-ba55-239d6e419135,shouryu123
ブレイブ・メン・ロード,normal,25347,13a1aa2d-3b13-4ebe-b0a8-44dff9336b04,ASIRA_18
ペコペコ,matataki,14448,e1b52a4e-225a-4c94-97a5-87ac09560f4b,FalsehoodUrsidae
マンションアスレチック,normal,61903,bfb75c87-ae3e-434f-b8a2-9cf60882e866,Reimif
ミスディレクション,matataki,24700,5992da11-a4fe-4140-91ec-aa08ba24810b|6e045cde-e21b-4cad-8308-b1bd53b38379,Hopping_babaa|lolonya8
ミニBOXバイオーム-EASY-,kuwaty,113453,75ea9ff7-90c1-4cd0-9455-b04adf700a1a,kouki711
ミニバイオームアスレチック,normal,192845,75ea9ff7-90c1-4cd0-9455-b04adf700a1a,kouki711
ラージバイオーム,normal,1499616,bfb75c87-ae3e-434f-b8a2-9cf60882e866,Reimif
ンぴょンぴょアスレチック1,other,21654,df9bfd57-bff7-44fa-937e-3495e6fdb183,xylophin
世界樹の麓,normal,238800,463ac650-c7f4-4839-8719-ebbf4a51731d,yukked0n
中級TA,matataki,18349,463ac650-c7f4-4839-8719-ebbf4a51731d,yukked0n
元祖EASY,normal,47169,198116c5-2db9-4011-bd09-4c88444aec1b,Uruu02
元祖NORMAL,normal,60199,f98a08ef-70d1-4082-b1b9-b4b7fbbaf04e,cresc28
入門,normal,812750,463ac650-c7f4-4839-8719-ebbf4a51731d,yukked0n
八の字,matataki,19250,14065a1e-1f1e-41c5-a955-94c4d22249f9,Awa9999
厳冬の煌めき,normal,57450,5992da11-a4fe-4140-91ec-aa08ba24810b,Hopping_babaa
古き砂上の楼閣,normal,109648,75ea9ff7-90c1-4cd0-9455-b04adf700a1a,kouki711
四季バイオーム,normal,195550,75ea9ff7-90c1-4cd0-9455-b04adf700a1a,kouki711
四角世界のお菓子達,normal,73802,bfb75c87-ae3e-434f-b8a2-9cf60882e866,Reimif
図書館アスレ改,kuwaty,32599,f2f0f167-4da1-4aa0-a2b2-9ecd4d919f2d,_ryme
図書館戦争,normal,87498,5992da11-a4fe-4140-91ec-aa08ba24810b,Hopping_babaa
堅焼き粘土タイムアタック,kuwaty,137903,7f913d51-8e77-4c92-8a3e-6f0592b71adc,_Muse7
夕景と終末のエピローグ,normal,89702,109801dd-a044-425d-9de7-10236de5445f,grechan0126
夢々幻,normal,181899,5992da11-a4fe-4140-91ec-aa08ba24810b,Hopping_babaa
帰路の森,normal,54048,f98a08ef-70d1-4082-b1b9-b4b7fbbaf04e,cresc28
弥日異に息吹く山吹花吹雪,normal,53100,463ac650-c7f4-4839-8719-ebbf4a51731d,yukked0n
手が疲れる奴,matataki,28849,6e045cde-e21b-4cad-8308-b1bd53b38379,lolonya8
散歩道,normal,46686,463ac650-c7f4-4839-8719-ebbf4a51731d,yukked0n
新人バイオーム,normal,1383053,8c8b7883-de1c-41e8-98b5-43de71a9cb32,zonale
晩夏光,normal,75750,f1ed67e2-63da-497d-b171-9d2a2c6b2034,megusurikirai
月盈ちる稲穂枝垂れて盃満ちる,normal,81965,6916473f-9f5c-44f7-adbd-999795c02fd2,hobby9930
柵くぐり,matataki,45450,a8e47fdd-b23b-421f-ab12-2031c934a6a2,kqnqsimi
汚染世界,normal,104750,4ed7f7a3-c175-45ee-9c61-71e309d97a3a,kitakuyasan
滝,matataki,17171,2c668cbd-dfb2-47d9-b510-633723cc2b66,nira_
爆風アスレチック1,normal,42147,09429d4d-8037-4d05-99e2-b6a6868fcb33,Ryukkun_
竜田揚げアスレチック,normal,73399,6198f611-cc03-487a-897d-86d377d9b7b5,AKAsen3714
箱,normal,255033,6e045cde-e21b-4cad-8308-b1bd53b38379,lolonya8
紅ノ狂劇,arena,98000,bfb75c87-ae3e-434f-b8a2-9cf60882e866,Reimif
自然の中を駆け抜ける,normal,69800,a61f7017-f780-4a6c-8b0c-461bd12602fc,Sasterisk24
虚無,normal,112018,bfb75c87-ae3e-434f-b8a2-9cf60882e866,Reimif
蜘蛛の巣,matataki,12005,198116c5-2db9-4011-bd09-4c88444aec1b,Uruu02
輝く洞窟,kuwaty,13751,7f0d11c9-af44-4141-9a30-2490d6b382aa,sukukuri4869
運ゲー,matataki,43299,885187c6-2db1-4d4d-97e3-aecc5d741263,taichies
隙間,matataki,10297,fc5433dd-308e-44e3-b3b2-1834f32b3091,hiro_myon
雨緑林,normal,52905,463ac650-c7f4-4839-8719-ebbf4a51731d,yukked0n
雪なる標,normal,42601,6e045cde-e21b-4cad-8308-b1bd53b38379,lolonya8
雪魄氷姿,normal,101250,f86558b2-0776-45f9-a158-a519bcbca651,_Ekidona
飛び水,matataki,22563,198116c5-2db9-4011-bd09-4c88444aec1b,Uruu02
飛べないんご,kuwaty,36798,a8e47fdd-b23b-421f-ab12-2031c934a6a2,kqnqsimi
鯉の滝登り,matataki,26590,df9bfd57-bff7-44fa-937e-3495e6fdb183,xylophin
黄泉の国,normal,29879,15ac4a1f-a0b1-4fdb-bed6-a67641572ccc,Tsuna_mikan
ｱｯﾂｲﾕｶ,matataki,13950,5992da11-a4fe-4140-91ec-aa08ba24810b,Hopping_babaa
